Channel ID,Channel Name
UCJ3_30nK_biup2t7g_3C61g,Not Found
UCtBFqR-itrGB4C566GkfrTA,BYZE
UCaJmxLvOcWHpJ7zR9SPcKOQ,Not Found
UCDlg0T0r9v2_XRCG8yqB2vQ,Galax
UCMDz09-3zO1hm1pqRA-Er0A,Not Found
UCftwalSqtTz3GY-B4GvxudQ,Ricardo Walker
UCqS7JYJEBeVLyPkYWEd_grQ,Luis Coronel
UCi7TVXyvrIwqeS9tfYD8UDA,DjMaRiiO
UCCIqw7gSWxqyNrGALSY79lA,RD Gameplay
UC8TwvLX_zCnhsm6JauPZIxw,Doctor ·¥Æ·¥ø
UCpDlvrDu1mh_jwvxpwrhjoQ,Pirate Cove
UC02vp6CdqGfbJFF5tYc8mOw,Overwatch Highlights
UCvGag7MyHR8H9oRm9iL9Ifw,Experimentboy
UCKytKLLngX7Tw_4dAvsTEJQ,THREAT CULTURE MEDIA
UCLHA3hx1G4exHbHD2Q8n1qg,BelotoPlays
UCI4NZjPRltnvhVrR86gZGkg,DARKDYNASTYK9S
UCyr65TO5CNaVlcgFaPRrOMQ,Not Found
UCEuVER_tiejxKQIQsa4YtTA,–ù–∞—É–∫–∞ –∏ –¢–µ—Ö–Ω–∏–∫–∞
UCdCJxuiLbIJyJhw0Y0N-V9w,Cristina Kovacs Official
UC49BT5DbG5O5zUn_rqVQngA,ERREAP OFICIAL
UCqfooxkMzWBR37BO87sFfVA,Not Found
UCDjmtQV4zRm26dzgeaj118A,GamingByChris
UCUWMy_D_YBU32FiujvarLsw,Not Found
UCEZ3VND-4K6fX9ow0yd8Paw,Not Found
UCQCer0PQU2sMkRL4LlTklxQ,QUEMASDA
UCWv-0hCp1C3g3OXkY6ssyvQ,DarkPlayer GamingTV
UCeZsuxGiMPtHj7UAmx9DuEQ,T√¥ Solto
UCLGfUhwnrUZ7Oga_e0nQdVw,Shirogane
UC3GB6W8SyUw6IAhSuqULdGw,Janela da Rua
UCMLJ7zixJwkCa22cY8dd91A,Les Twins
UC1XfmfBHpiOp_NssjcAStXg,FlamingAmazingGaming
UClhucq0kKFA5tSmk3H7Yz6w,Le Corps La Maison L'esprit
UCdI-uvV48u__2NDCAZTo30g,ALDO8626
UCoZ4Dwbzbzp7e5ERGtmaWbw,Harry Main
UC4piNF73UinkeqZJWrWWqlQ,JoshOG
UCHBme0XxtYKm1hv7ClvprbA,xRPMx 13
UCtD795dllD9Bm3pHjDdUPgQ,Not Found
UCY-nD3MKsBeZtLHi3772eSg,FTD News
UC9kNzifrgcWi9lhGgJHh7LQ,Neat Freaks Diary
UCslsvw_mAeAnCIX1eiN2ZBA,Kibiza
UCx-w8slsQ6XrmRxVYTUkLiQ,Jennifer Bachdim
UCQ8tVVAPgaaH8clY_mzNNgw,Love Strategies
UCow2IGnug1l3Xazkrc5jM_Q,JOYCA
UC0ebPa2q1rwZVN7dYemunUQ,Valentina Pontes ofc
UCxz7sBKlpcpyCiPwXupRymw,Isa Marcial
UCE7faqz-mqjbUa4UaMZGAvw,Nicole Arbour
UCIKF1msqN7lW9gplsifOPkQ,GalaxyMusic
UCS6_CiYCn98X_fIS6LU0jvw,Not Found
UCY6q-dOoyDGzPs0ceVWX3Iw,Andy Gamer
UCLmi_hg6XwQnb8dtPmFD67w,Not Found
UCFR_eBZKWfh-S7ULBwQLjqA,Howdytoons
UCJXAScTUxxfPzwLzZc3VUHA,Canal ProjetoX
UCIPA6iWNaoetaa1T46RkzXw,AuthenticGames
UCesJUsXCpAdKaLzdrYBi5wQ,David Seaman
UC1cBYqj3VXJDeUee3kMDvPg,Series Trailer MP
UCMOWB-s0Kek9o9sS8xA_kZQ,Not Found
UCUjzzRKnSsBJS5y9gPiGQYA,IvanForever
UCDmXhZEmHa_gdYsA9NxxP_w,Canal Retr√¥
UCJf7S4PH2gNNjbKlvFnDe8A,Not Found
UCXyevnhmf6JiKYx48zjPjdQ,fanlalatv
UCLJputHFzyY0lGQZfGfifww,Paycer
UCgrpA6pVkSU3WfCjL1NN7Ig,ErasableNinja
UC_ZPzlOEkIeUx5COyD7R5eg,rfmckinleyport gameplays
UC5HqyTLzppzfI3k5NYNb6FA,Not Found
UCAai7LiHuxlvXHLAdLMAGjQ,MolizaneTV
UC21N67745n0VGhkvky5rjFw,Aliyah Maria Bee
UCzvJ0OkuhE7unpi02FNHRFw,TheGamerMaldito
UCIwspRtKNszHhIhl36gREjQ,alanzoka
UC0KwygH3o00JJ4UaJMGuBYA,grandmasterauto
UCRHt-zmMxWGkNB0652RnVjA,CMooreMusic519
UCGkgDU4KizOIvpV2I-4VYRA,SargeThePlayer
UCT_FWaZuqgw5QOjqtgsoTxw,The Demon Files
UCEe076nFuVobN0bAsXK7ICw,speedyw03
UC4-2kZG5ZxLS97ShD8Vu3kg,Dancercise Studio
UCgRr2pZaGeaZVN6LfbvQk9w,Dalas Review
UC19hDT4twVO-2553FiQmcXQ,MrTeacherPaulo
UC9pawcaKJE4AJSIPN7doqyQ,Gabi Biacki
UCfYZRHQWV-evwn5kzQsK2Gg,Eduardo Wizard
UCSi9N9zPGA_YH4UfSPgSktA,ŸÅŸÜ ÿßŸÑÿ≥ŸÖÿßŸàÿ© ÿßŸÑÿ≠ÿØŸäÿ´
UCqx8V8jQ8t5xttMhYtaORvg,Tay Marie
ucujz3kx_ukivcpzdamcfapg,Not Found
UCABVp2nDz6zstqgOHMZGWXA,Not Found
UCJ6ouZwH3RBwvSIF_xBMh9Q,MissGerbit
UC7vaECk9JjIXFycISOOcngg,Livia Inhudes
UCLut2cQqk3oBad6848bZ-3Q,Heloise Hannemann
UC0uTbhw0JBW47u3Zxv6glsQ,BrahmaTV
UCJ9F1wGnqyduP5rUcFXkV-g,Chloe East
UCjfBc8bqztpmdC7iVN91GPw,flobs
UCXNhGtEonktw_MNkewb961g,Boogie Smalls TV
UCKEysMp8znUMFF9UlaYugcA,Ariane e Ram√≥n - Casal Portunhol
UCcEww0gS4RxgtLf2h_SuVUw,NEGAS
UCWG8HknnN5pnV-FFMSHUVww,Not Found
UCjfDZgNUvFKPFjVRDVPQ3yg,Only McQueen
UCkh8uunajX_ROXezcAvzY_g,Mo
UCKYgv28jy2MOtbRnXYZYuuA,"SATTY, Mariana"
UCK1TdGB78zp6Rl6L4RK-hWg,Psyko Sauce
UCCp4IWg4A_JLexo30Jlf-UQ,Sub
UCIAd_59NB-ewMVuKIIjE-sQ,Franchesca la Canadiense 
uczlxwfndrf4pwcemogyeu2g,Not Found
UCafqCulUY1rEUB_Q9hWSPuw,King Imprint
UCdOWyp25T0HDtjpnV2LpIyw,EpicSkillshot - LoL VOD Library
UCFrYqKQF-jjnkrIfNvNWj0w,W.D Zyro
UCntCTaM2Jz1sLN3iRwabpMA,Elanip
UCIUUNu_7jSeHOOrXkcdRUgw,Dupla Fatchau
UCKJFm7hOPvqXZxkcUFbe6mg,GoldGlove Let's Plays
UCk21O7ZeZxCj7tgnzNntRbQ,Nuestra Belleza Latina
UCNfX9eh1IcrJ0_cRmJR8UIA,95Camry4Life
UCYpoE9KwaVGxK7CvIAVzgnA,TeleBuzz
UC-mSrgwY8Xa1bXpZEQhbzoA,KOKLYAEV
UCsZktvcrGfPbbuyw1XxR71A,yoryi Strange!
UCdlf4s-ckOfSE-tTBeMBITg,E&E tube
UCKp7UVaoVuiW1qtyPLPVFMQ,Diplo
UCOqmWIT1FR9fqsoUuevBuXQ,TVColosimus
UCc_e7jRMTn7KfSfLKPvKnyg,Materia Cris
UCdp6W4FA5_S4UHneU4oBPUA,descubrelo
UC0E9-appMl_mwjPVzdB3qZw,cazum8
UCkKfIGEgYNmwOTOuy7gbm1w,wieziesz
UCxucf8O8itcmkqu3d7yUavg,Dangthatsalongname
UC_L5OsMFdVNUUBBRV6OwJnw,Ricota N√£o Derrete
UCAU0bssUA-Qq_2Ya-d7l_Sg,NHD
UCZzFRKsgVMhGTxffpzgTJlQ,Zak George‚Äôs Dog Training Revolution
UC_c01No6K3fhgPafCUzEf6w,FattyPillowTV
UChPa3fnlI3RKuzEbeEPKRFw,Everson Zoio
UCDzMRfmdypVUxZ0H8xvGDOA,PushedToInsanity
UCrUP38Gv4spk2rHoIxZmG3A,Adrenaline Addiction
UCE1WNstHCD8DpASMYAuDA1A,Bia Anjos
UCXe2LETi-FQrf7pUoS1ZSxw,Tudo em Dose Dupla - VLOG
UC5YxEOkNISZjpthDP6mag1A,Not Found
UCgtAOyEQdAyjvm9ATCi_Aig,AlexGyver
UCDUsTPJ2jmabLwn3ooKXr-A,–•–õ–ï–ë
UCEfFFOPJR9dYSqkgwY3ABYw,ANTONIcra
UCo4MXjB68EUdW0Az54B-Rvg,FlashEnIRL
UCN4gPr8nDzQdZWVdJBksp6Q,Yuna
UC8IYBWpqFFa1Ln1OUlhZbYQ,Jessyca Sanses
UCaA927wFhJrs8WYnoLv5Rlg,Not Found
UC0fkyMAE7T3OFs7lnGCr33A,ÿ™Ÿàÿ®ÿ≤ TOPZ
UCH7IaxFpSpcM8iDiKa_0BEA,Scai
UCGwruZaVBlp2AwbdUdNaLPQ,SteveKardynal
UC7rtE7hSTaC8xDf5v_7O1qQ,My Mate Nate
UCzQrtnJLZaH09xyZ1oKNq7Q,TyingItAllTogether
UC6ErBigqMRej3MLMtLNEiMw,Not Found
UCc9CTSbRSrQoFnA1lgVCCuA,TheGameHuntah Gaming
UCk8cNb10L5rmV9xB13ADCWA,Drift0r
UCQZyH9sRRjvtZhMw-ldRvXQ,DesarrolloWeb.com
UCHi18Oyaai_vkVhcA04CNnA,Receitas de Alexandre Alarc√£o
UC5T3aH0T4NRCp9AbUfRxN2w,Tee Major
UCXpDEHL5TeJ-aI0312XzbXQ,TheBrothers
UC6hBefyLMtG7FXhZ55da3Vw,Artzie Music
UCx5sF9bDgblmKvdrch1Qs3Q,Ela Gale ‚ô°
UCLTz32MfoTwcl03aR5pDCxw,the1kaos
UCFl1mGlf5j0Qno1Kxnyv6FA,Skill Capped Challenger LoL Guides
UCbQd1ORvTUHg_gPnfxy-zwg,Karton Adam
UCnmazTiJ1lP5e2mm-WphaCA,Awful Records
UCd2i7bnHADx4ZYwA2VUbDWQ,Isabella Marques
UC245mmPyLtq07_1CCCoZo6w,Canela Trigueros
UCJVXhkC0dXk6HV9ExcrviOQ,Caneda
UCwpEtd9d_4n3sQSDhDvu9jQ,Focus Concursos
UCb1pt6jgOlPxvpLb_BCLJwg,Dois Marmotas
UCtwQvkMG2Ksbe2HhB1WJlOg,Cover Nation
UCz_cDc_2arKIb6SlJoqFT0w,RackaRacka
UC8cwq7G1ZR2mNWsRpM2mhxg,MiiKeLMsT
UCeWURu5kSBzgkSpFg-Zb58A,Giovanna Vaz
UCmRFEZ3MAGJ-U42UIeHEFfQ,GTAChannelTV
UCrDex11_VS0ye_0GfYQD7KA,Not Found
UCCg7-voweLs3ZZchb_RPpyA,The Shooterman
UCrOt_BtFZZ_mAmoY7MY2joA,Sports And Outdoors
UCH05jodbklBvh_oh20Y7Ogg,Galatasaray Sk
UCk1P48qAVeDyfIFcC_Imtag,EzorFR
ucoamoxfe8ewh1gjyhqhxraa,Not Found
UCoGxRe-39k3f1wFuzos0HrQ,DavidSilva
UCPZ-z4b4ak-YqrEHupWjaJg,Y√°imaC M√°ster
UCvmijL-eepDVHYSJHDY3d6w,Cole and Marmalade
UCtlKBrsNn2YU7GWPK9RBOnQ,MaYcoNCOD
UCMraKP4PEKaHy0ZmFyyIAVQ,GamerZeal
UCbqS2j5fHsIR-MZbJtzV5yA,Ziro.TV
UClxXDKqUy-jgQQQcycwS1ag,Capuccino Mafioso
UCIMP9AS5MlyBae2C82wtV4A,Sing2Guitar | Acoustic Karaoke
UCuqdsYT5rFqw0L5oO_HwvgA,WarLeaks - Military Blog
UC0gvUpD9vvBtqNfGM_cMp0A,DanyanCat
UC--g9fxLwO9awskAao1No2A,HDFIT
UCau78yk6z8H1WXPfdFDHdTQ,Minecraft Teen Titans GO
UCY_w1-t46O_Z20WFaK02mVQ,cihan bozacƒ±
UCEJ_PVw-d5Vswah5eDh0jNA,Brittany Jazz
UCgLWfE1Yvq4BtBy7FTQQ1dg,Gabriel Snowny
UCuIuTI8K8Qr8c9Fz8BUvCkA,H2Ovos
UCBbeDje34deoh6ELVL9seAg,–°—á–∞—Å—Ç—å–µ —Ä—è–¥–æ–º
UCptRK95GEDXvJGOQIFg50fg,–ò–≥–æ—Ä—å –õ–∏–Ω–∫
UCuxfOdbKQy0tgGXcm9sjHiw,Coisa de Nerd
UCRDrPY1NcBSjut1q65-Ydbg,UPlayNetwork
UCI1ggmx7c1PUlTkfsv0fU-w,UNHOST
UCxMKFmk5y3YyjdRNMwDN_Tg,DnManumont
UCj_OgZd0r0DDE9fPgA373fQ,Los Top Diez
uc7rrbm84x8rk0okklhpmiuq,Not Found
UCjewtQLpJEENPLbrCtb6YpA,CrazyFoxMovies - Minecraft
UCtixLHW0DJpVF6RBpLvGLhw,–ú–∞—Å—Ç–µ—Ä—Å–∫–∞—è –ú—É—Ö–∞–º–µ—Ç–∞
UCk70TYJHmZ_tsBKo-_SjP1w,CanalJMS
UCTLEcIaYJEbUEzQc3-ZvruQ,RCHeliJet
UCIPVJoHb_A5S3kcv3TJlyEg,WoodysGamertag
UCrmZPe1jSgeQAxD5dSCkuCQ,Azuliso
UCW6jU3HqYkq0q_KToKt15gA,Cat reaction
UCTKmu-FXRCxZ1UFu6FbDHGA,OmegaLUL
ucenmwmqojul4ufo49xkvtyg,Not Found
UCkPITN8Uyj4yiPfNcjMNclw,Arthur Deering
UCW4A3q1qJCuRy685x0e2OiQ,Canal Vida Saludable
UCMYdLBEudBeU-c0AguEaiHA,BenTimm1
UC_TDcT3TnjNimZHbMj66Bdg,Not Found
UCjTelsRVtkIG5EbQFx1xi7w,DrM4ster
UCJ7ii_ifQbwKkjBKUzNApVA,soloadois
UCrEQIWXZ9yp1JNRgMh6sDWg,Let√≠cia da XJ6
UC0bC92gFO25qcJcECTQNN_A,Flakes Power
UCxe93I7CX6ib1Ttji_zBAQQ,Zajcu37
UCLrxBkebCjcomgUjOTwpPfg,WIIFEROZ
UCAon55hNT6ESbdQ5y1hRWTA,Ice Cream Rolls
UC_b-4E8YRmq1vYNKFdPVJng,Jerletts
UCiwxS4lMXcQXv5LKbYdbjag,Twiistz
UCF-DgUzqnUP7Vb99iPhmEiw,Spear Studio
UCM5_vkhZbNgKnvy6f_lvxcA,Dooms
UCgiJxU4CSEjQ67FylcZ_8qw,VERTiiGO GAMING
UCofnaE5PYRkLmtKDd-IcGKQ,Nicolas Gamer
UC1YZ751mYZkTNFXjGXTklsQ,ImDontai
UCTbuMXJXSu4mOAx4TIyAsRw,QKnightZ
UC5vRyl-fB72jIzKXI2NgSGg,FdeFIFA
UCZH9UwnGUOpLDTJVdF7SwUw,takisawant
UCMF8Ntj76oxpG5zee7oOBKA,Shaun763
UCFsc1SZSj49MkvpFPs-nfBg,Not Found
UCET0jPMhgiSfdZybhyrIMhA,MS Tech
UCFyAgi9phA7ErVY_bPC1Cjg,T&H - Inspiration & Motivation
UCDy44r0s7VxvrYjOJjeRefQ,Miguel Paraiso
UCscIA6WB0CrHlhmD-D7_bSA,lunacreciente
UCMJ5Qf3sOvQpcYiai1Noa3Q,Major Lazer Official
UCB_Mdi3acqKLRR8zKFkqKoA,Ayo & Teo
UC2KXMFensOJB8yBusz1RG2Q,J√∫lia e Fl√°via
UCeByslZcJ4SmITAL0-jSi4g,Marlon XGamer
UCc8xM6R39E38DSXL_MRKaaQ,Josi TV
UC71kKpUN9OQMl_HivC19A_g,Luh
UC-DR5sk-YE3EIN_N928JoRA,ÎªîÌéÄ
UCH16H-DNfB0yf1Gxv5XfFEA,Wronchi
UCo1LzVW3LPIOlyDjiWgUJrg,Gianna Fiorenze
UCaFv-ESJVfepEugA-CvsuQg,CaptainMonkHD
UCplwPnjH1AAB1He_7rMkHgQ,BeforeTheyWereFamous
UCZYqWTQJzJaMW7jFG16p8ug,LAB 360
UCPHpx55tgrbm8FrYYCflAHw,Dr. Najeeb Lectures
UCY3B5A7vajv5V5g6Q6TBmug,Jordan Hanna
UCauf6OfYi_Doui30UGH04_Q,BigFoltz
UCYtaoJSk9iIrFxx8eZB15ag,Robin Hood Gamer
UCUsMmW_66go_EbTK-KHwG5w,Toytube
UCHj8toxy4Ka53hjcRUs6caw,Portuga
UCG2CyBAnWML1kIyn7pImINA,Maitha Abduljalil - ŸÖŸäÿ´ÿßÿ° ÿπÿ®ÿØÿßŸÑÿ¨ŸÑŸäŸÑ
UCxML6fyya-k83ZD-dgq_AqQ,Not Found
UCrk4EhvL69Y4zJ8WzMhuZNQ,Not Found
UCNrthyyJVjrJUpePrl6lW_g,Neagle
UCDgg4MEZ1FilIhBwS7jPhdg,Bibi Games
UCrJzQLJTvLf1I8b0oTKNYrw,FIKRIYE & ILKER
UCEg-kyIxbcq6YQ4NILtoHCg,Derrick and Debbie - Nursery Rhymes Songs
UCB2_E-_Z6lK7kFgUk4ahcXg,Hannah Cho
UClUa7-iHJNKEM2e_zWYSPQg,Yasir Qadhi
UCsR0Ju5wezh88PneSpuRadw,EncanadorChapado
UCUbDcUPed50Y_7KmfCXKohA,James Bruton
UCCibB8IgXI6jSzvR7uN-nOQ,Not Found
UCNATe0weY5RQk_ZKGi7kYHw,Vman
UCOEN1FZ6r566FLk2UiKbEVw,SevenMile P
UCkrKW1_u0O8qSc3xsLoRHew,Funk Bros
UCPssTVPVWrbbjEoVqL1q0-A,Hora de DIY * Hoy No Hay Cole *
UCYyAb_Pv-wU8z_9aHE2AXGA,EzyCraft
UCgzT8NxFtsDCdkz-ycKciKQ,MechaFourth
UC25dEgCd0n4a6kWgT1FsuZQ,KALIPSO EN VRAI
UCXc-hFBjZWFtwrIK91vHB8A,Ruth B.
UC4DPUUjP-dYDr6lX2oFCOQg,LufeGamer!
UCZ9FgTvgNpsuaEO3AV7hEgQ,Veki
UCHQ9KF8ROYog-VlBYU92lRw,ÈßÑËèìÂ≠êÂ•≥Â≠ê‰ºö
UCd51vYLPq0aWmgflY-8zN5Q,KOMLOW
UCjTozZ9pnenz_Yb8_AYeNDw,Remembber1977
UCfe3bEdWYbEX66dy5JoZ3xQ,AbsintoJ
UCzBd-289owXoR9jwcCau84Q,Lucid Plain
UC11fJgd-f-796B5cmsCmTZQ,XYClanKILLER2
UCA1I8lBdVOTB8PxWDT0waUQ,Em Toca
UC4oNtZlYBuglnGJcZlQ0Vtw,–ê–∑–ª–∞–≥–æ—Ä
UCE0DUTyZttYyIAr56Y-uR0w,Esperanza y Ana Celia Rosas (Tejiendo Per√∫)
UCGX6j1r9m1xjOIMEhRqZNkQ,Mina's TV ÎØ∏ÎÇòÎÑ§TV
UCYIHXb0_lyXWfSX3xn3nATg,Cristhian Crafts
UCs8ofezTotbyv51DKW6iuHQ,Not Found
UCG3DoKu53xn9b7s305-DHUQ,BadrTheMenace
UCxdv9-Fx8ryu08s2bO-K_rA,Max Wrist
UCQCLfdYnlC6Mq4Bw0siab8Q,PRINCE
UCe1IQnMRRsZTqhpgveymbMA,Not Found
uceogsdxwcxcnfcudgbjmgow,Not Found
UCDFz1Cxcq8ehAdJNQe3cS_Q,Dazuki
UCOTA7hz8Adlywki2OMNnTOg,TFG Ent
UCHQGkng694_14H5bqdlkSig,MilosHD
UCZxAQj-C11WIx3apU5HdDJw,Molusqueti
UC-iNzkiXFbRr_l-lq9MVy7w,FarsAttack
UCHvBHWBzzB7NyU5tIiEZHBg,Bad Obsession Motorsport
UCYtWSZWHYPbmwsh2CEUyMrQ,Visionary Music Group
UCE8tUeSgY2xlE5ZPCjl-S1w,Fran & Fam√≠lia
UCe-Jlq8zwAFPFRq21tzIbFA,BeamNG Mods (xexeom)
UCwkW7-NhcrVIB7HznWW4FbQ,TheHelensChannel
UCVRO6HgS557J5ShfwqiwHpQ,DerSorbus
UCehjtdp18mqSAyOJ8_C80Ig,As Tavares
UCSA3s57McigspnOoE2UrKxA,Not Found
UCwUizOU8pPWXdXNniXypQEQ,AwakenWithJP
UC924TCp-XdupZL_I2C5Ba5Q,GNGAMER
UC4gvPAFbp7Qt6T616Y3MPLw,COREANO LOCO TV
UCKTxjZqmbcijrCVPHuvTNzg,RousseBen Motivation
UC8mVOXVV6moP_vU95CJ0-EQ,TheTwizProject
UCAL_6RSxj_6ZMvQk9L9Pl8g,ROCAM 22M
UCqHTDt5l_o44b6nlcOhr5DQ,Sou Endy
UCQ6_ekp-uPkM0lOuNPVQLFA,MarcoStyle
UClctV-8RZ9d0Kb6kSKMBXfg,gabingus
UCUiGsGxwHIidDzV9hHYJ48Q,Camila Pipoka
UCJ2cGU-CskWXRmzql5RgjKg,Marvellous
UC5DFRZ0EiT5FAebrBIHfnqA,Princess B√°nh Bao
UCrcUU3I-p0w3pecKGqEgvDw,Sou Mais um Imigrante
UCTewGQMmMs0CncOVTMLwhQg,rthwldn
UCsCPFFSt1LQoHi09TBX07HQ,GamingDose
UC01Cet33obQ_IW2Qand1t6A,Pequeno Genio
UCPjct9StU5Ts4flkRnzEbSQ,JOCA
UCsWpnu6EwIYDvlHoOESpwYg,SimpleCookingChannel
UCqP_9leNekqF93ilSAyGUKQ,RADYCCKAL
UCh6VJMG7Nc-Mu8LHn0v6nug,MCgirl Craft
UCnUMnT-6Nuv-WD-KxIzGW9w,Lil Mouse
UCe03Sjfd4hmVoDzSpWMJlAg,HooplaKidz Canciones Infantiles
UCQJrR3KXFbPkFYy0qQhvLIQ,mashed8DE
UC91CUKICQ0xZP3F1nAM9Drg,Jane Loures Canal de culin√°ria
UCXAPQmAry0L3asDMYiaxb4Q,Recettes Marocaines & Internationales
UCf9zhwHD7JbwF6oH8Xi-hKw,Waffable
UCY7eOLk0wEDgfK_yGG7zAgg,3 Chestii
UCzgMixvOe__dOTYKb1BrsSA,Late Night People
UCrPUg54jUy1T_wII9jgdRbg,Chris Ramsay
UCn5wtpa-WcFPeAXZumbZlyw,EdPlus777
UCCFqUJYKT97UerMmb6DM0bw,GOTAGA
UCKmlxQVs0vHtaLldRIQ8lsA,iTownGamePlay *Terror&Diversi√≥n*
UCfQNPY_T4g_1_7frF86wSMg,ElSirKael
UC-cEp9h_rzRJKZa7_Jr59JQ,Ryan Bracken
UCJZAnciK-0kNMpjkEE6nLgA,Y TF
UCyGu1JruyZErOHk3H5yz5eQ,Not Found
UCI0BSEc_OE-IO5zOxT462uA,Typical Reviews
UC5-8VMx6axaUnmlZNY3XPkA,Hitchariide
UCTQYFW8d2B-eLp3RPy2dxdw,Not Found
UCWi3PwONxmnA0o6Ahsbrv3w,super99andre
UCGPgr6Cj_0J2ITukbekR4Ow,Minikotic ‚òÖ Live
UCIgKGGJkt1MrNmhq3vRibYA,NurdRage
UCX1v5fqYJ-N9iMoziAL1UXA,ÿ•ŸÅÿßÿØÿ© ŸÉŸÑ ŸäŸàŸÖ
UCwsLXInOtJM01ZCslCeuWxQ,ACV
UC7vr8OUULwc0DFbD9EaXyZw,MzGemiFly
ucffzneyxqssgoiw1ojgehjw,Not Found
UCupPSveSIrZjQ1oZA29Q1JQ,Mr.Freeze ‚ñ∫
UCqgriLWR20k7_sH5D0NZlFg,Kahuna Games
UCHFA6Nt11kE_8OWIya0SQDQ,PlayToys
ucz-xaw1wnqubpkolvovkkog,Not Found
UCtKxzL3x-dNAJrlauIkJS9A,MrQuoty
UC6hE5yzpAvnsU8GhIpCvoNw,HiDefinitionPhotos
UCU9GikSzhZjywuyYwmNCJ7A,PS Source
UCysmiBQRJc97SbSuBuZeRUQ,ChrisOflyng
UCyP6Mnxv84diX2StFMSa_Gg,Not Found
UCmrLCXSDScliR7q8AxxjvXg,Black Pigeon Speaks
UCFpFEtgfyRgZOqecZmMfwUQ,Not Found
UCB0d0JLn1WcGYcwwZ87d2LA,Rclbeauty101
UCm1Nib9eeZO48LJ3Ee8M20g,SonrisitasParody
UCNKh2yrA6ocJi5UmwQOzceg,Dobruskii
UCrgSt9nCFNHIFoMIxQrXpPQ,NoobElGamer
UC3RduJK_c6vKtlh2o4cggSA,Zoko
UCEf1OOSM2-o7JYGE4qSzb3A,maxsialtele
UCfOyB991kfmBcA4jLbZE_xg,THePETEBOX
UCCqkBCHOVqhg9N14p-nQlow,LUCAS SELFIE
UCu4sC_NJJWT7eNTgyBiYKKQ,B√°ra Vot√≠kov√°
UCyjWZEBccmK4zjWKUEge1Kg,iRONN FPS
UCN9R-gnfKbakmZgNtMuqSMg,Multi
UCb91Zl2MxLmUwriNocKeYnQ,Catsbook
UCkJyevFF8JPRpMqKuNTpCMw,Top 15 Trends
UCE4xBsDmbZY0_gY6AU5M4Cw,Luisjefe1Vlogs
UCJRWbWz5YiJaveaSkG3edXA,NorryRampage
UCOuWeOkMrq84u5LY6apWQ8Q,TREY the Explainer
UCRaZStHKU9s83I-UULpM5HA,Not Found
UCA4byp_Y7GM6WiwvRFoB-Uw,RafaelRGP
UCofJMUHV9qrIANbNwBH5bGA,Carina Nunes
UClXWVfHTOeGPznaPYspWqeQ,„Ç∑„Éü‚Äï / Shimiiy
UCDwiTEj0Q3uWqo2Kq5tBtTw,El Trompo Loco
UC2Ut6zaH-dENocDPTaAd5-A,Mayara Rodrigues
UCG7NUEg_QzF_KCsYbJmiFzA,Pimenta Vlogs
UC1wrtzSN5MD3pnqLFHn7FUw,MagikarpUsedFly
UCFbnRgAMeWyJhn7vJ8M8R7A,iCapsize
UCBujVoOLhxEMGKY8u1fr1ew,luiSpace
UCpL14pfA0NnoKPjkxZDk7xw,Escardi Fandubs
UCGgvKW19IWVvUUblrr8EgHA,Experimentboy 2
UC2yWKJaZkZjp8FnunRjDGsg,Crystal
UCCSwr-kjUw1cERtjHTcHmmw,Jesse Peyton
UCnU2EtUW8Z4DxSqXxJ5cMQg,Cellbit
ucuva51ua_690sekyrbhb-5a,Not Found
UC-yXuc1__OzjwpsJPlxYUCQ,WORLDSTARHIPHOP
UC0QIj5MXqSPS4CFwdxQvYkQ,Nobodyknows may
UCP2j5_hFEa0FcHWRdbvhrSg,MrMan2247
UCB5DzClUPtJDaA8XJxb4JGg,Gigi Huang
UCTa6JUfYSSu-ELH4hlRdWpg,The Pals
UCpNvv8-Is94ZWzBLCps1UJg,Oxilac
UCGkCHD9P5QzlxzaZfMjM10g,5tat
UCcZRy_VkzlHGgtXK_qXmm3A,HMAlvaro
UCyFBe6ZdKnSUUJ4NIUY7JaQ,Brox Shorts
UCJKJTGoQbiGZkdO7WvRFTfg,OML
UC1J5R-2zsrrICAYmkt5g_6Q,Patty Shukla Kids TV - Children's songs
UCrSi7xopc9-SWRMydSq5e1Q,NobodyEpic
ucyk4l11zx3-dn1gng1dmoig,Not Found
UC5uFttEUB_fNnJqBly_jRXQ,xFaRgAnx YT
UCjK2E4-yGfm_oIqI0nOycMA,Malak World - ÿπÿßŸÑŸÖ ŸÖŸÑÿßŸÉ
ucojehmbkwds7jowpw0vrxkg,Not Found
UC0KvzOWr83tdsdQWUsuf3Hw,MIEL SAN MARCOS
UCo4-WGKOvw3QmzW8MRuuFtQ,Pichau
UC6grQedCxJh7RsBWsfOYoRg,Not Found
UC74MFXZQeP8UHVuYXLaBuHA,S B
UCM5xq6xmt2O1cAJiAgx9VSg,Ultimate Armwrestling Championship
UCrSYAKKH6gYD04KA-0ZkLAQ,Isabela Soares
UCrp8aFu6VjkZAY9Hhj6IrXA,billschannel
UCQbUoLILjhVjt19sUZpYzXw,Natasha
UCpBnloJiEgKXu4VwZexA0ng,Justees
UCEVpFPPjuOTEqnm7QzWsImA,Not Found
UCCG6qI8XjyjUNgZ8jlJp_wQ,BaerTaffy
UCGkk5lH1ODiE1ep4P533SJQ,Bollywood Backstage
UCRBWpRD5w7jN4Oq7MUyDYxg,Amr Maskoun | ÿπŸÖÿ±Ÿà ŸÖÿ≥ŸÉŸàŸÜ
UCUUOUXV5xmEqGWGf9eUyjdQ,Sam Villa Hair Tutorials
UCWBKJ1RNeKTPII34pc6UyUg,The Theorist
UCX_Ctooz6vnjPKa-M8uWTxA,Ch√∫ng Ta C·ªßa Sau N√†y
UCpYA9ZfkL4jMhIfYqlwICbw,Samantha Harvey
UCcn0U1OwKND0dQjmVH7RkrQ,Fenlort
UCXeNmDVFR3UQDxi8PlsZBdw,Old Alecchi (Canal Antiguo)
UCqv7wxeMv4-ijOa7XQRQBlw,Execute
UCbItyvYa6cqvqtwlU2E9-wA,SteveTheGamer55
UCoenT2MlAYi1kyY7HltNOSw,Andjela&Nadja
UCogo2caHlbc6j5iWrisxUOg,BeamNG FireStone
UCogUY-CLDwvSmDx6DqAhr4A,channel 12
UCz3KPXSncFWfDkWfdUe_79w,Brock Ansiolitiko
UCfCjbT6UFxi4EVAfJtJNP7w,Not Found
UC048laJAduzyfCieldM3dXQ,Not Found
UCPYujFsau2P3k5QN6mqMxhA,Valeria Amatue21 Lukyanova
ucqbuoliljhvjt19suzpyzxw,Not Found
UCAJfDidJyukTekgSRZrjadw,AronRa
UCE7K8OUGtNPlD4c42RDFSqA,LETSPLAYmarkus
UCW5ygPaakCs4sf92VYaqG2w,Wyza
UCDREKsabG-MOTPxmJOHctEw,Not Found
UCeMH2mmwB3Nvg-CTjsnV-zw,JumpinProductions
UCdwFnSqn35OljNlJSRSDXoQ,UnsolicitedProject
UCGfWhQ0ZyFqanqlSEq1wdqg,AeroMx8
UCXySj-Zu8SDNa8xJgz_bK9Q,Zephyr's Tune
UCPDExPQ09Vc6_Gj_Ga6MwKw,Cartoon Universe
UC3Qf2RlSEXrAHb_8fioxkug,LannaJr.
UC8HVFTKhAfjKkHViDGewwNg,Bri Heart
UC8J6nqd_c5uKIiz44aPVcrw,RichVlog
UCOQZFJzK6k7hQRn7YRShKVw,Oso Ted
UCZTdDOXlBHDgDVM_RraGaGw,ArraySeven
UC7AcC6de8L-FVFZUT8AfbAQ,Porto Productions
UC7oeXf0iN4bX2A0WQs2eMqA,BraxXlife
UCWq1xltHB2fDe6YkYoOrryg,Canal do Schwarza
UCrRjAqC7ptvV6YadGQgfQ0Q,stimp
UCV4xOVpbcV8SdueDCOxLXtQ,Fernanfloo
UCduQbdp4EcApYor8GqVBH-w,Underwear Expert
UCftO61iyhidN1H8P09mYkpg,ric drasin
UC6e5HEsipSTzuytvs2d3cxg,All5!
UC7L6NRLyldvxWukhOHABazQ,CS News
UCedHRYUKMiE4xMYwvVAhIAQ,arronlee33
UCG20rXlEUWfFI1p2B5n3akg,"Toy, Gadget and Product Reviews by Dad Does"
UCVDAH0SjIBivaShqDvMdozw,L√©o Ara√∫jo
UCMTkiQTmwbAqZtUDpyXqs2A,Kastari Sentra
UCT6llggvwmbSxpIfHpHxV1g,KaikeFlex
UCrEpjpIJ6fZpkKb7-I3C4Tw,wajinshu
UCtmz6m01iDZfEsn_2Fi5kHw,Rumblysuperset - Wild Rift
UCHiXcf7FAU27Q8jIEti23Eg,Not Found
UCCyCcRlr_NRDP-JFAhBxq1g,Lulu99
UCEOGSdXwcXcNfcuDGbjmgOw,Julia MineGirl
UCRowm1T4W0EIiD-EoeZ8M0w,Walid
UCjt_KgZ6rREkub3YW73KVoA,MasaeAnela
UC9yMWgQf2_xMhbdKPo7Ljrw,Cachicha.com
UCKaDN209nOLUabc-ftR_lng,HotNewHipHop
UC_fXGJbZiTZaMWydLmtGyQg,Not Found
UCnucBIHl6ohUTLfuOvpDM_Q,WellVlogs
UClVuVeEmTDkdMLIf1BsfrEg,ByGudiOn
UCInHeDAFj1Se3_SX9tk_Erw,Not Found
UC7VlR_sH702mjSDXqwKo-jA,Studio Seven Kacimo
UCVRzKCFu3SWpDNRjVgu286Q,MiDNiTE MN
UC9NMhLnesuu15cMnawSJYWw,Not Found
UCBeDsw2AcCBHoqmDCg7QAZQ,Cacho01
UCHz2UWd50t22CgAs9mrpI-A,Beatriz Fontana
UCC7387fZBuOkRvzucLmAKsg,CreeperMovies
UCxkFtoH4TOsk-lBUAh94PYg,DaxerLokura
UC5gFyQ1LCdZ6xeeHz73ujQQ,MrPoladoful
UC47hfsRhwO1GIKe7UzbeoJA,IN THE LAB
UCWAmNeFLUd2jg5nYlgUF-hA,TechGround
UC9e_UMqplPr8F5lJaYBfMLw,DiscoveryCrafters
UCpO3jNNaqG7Hrq1NJdrYsSw,Ge Girardi
UC9uK1BtFCjkwUupUmhtsHvg,La Banda
UC_pZxiIq8BRJwG55Wt83WOw,Not Found
UCmDMV_tDwXDSTxb2SNwN8Yg,Mercena
UCDQQzjyGachf1fC3TrNhoiA,Not Found
UCCyh1RNl18mvjsYh4Pl71PA,HardMurdog
UCysg99o8WpfFnFF22fV2NMQ,NoteFull TOEFL Mastery
UC-F_oHE2AKi13rCeD7XsOmA,Psicoimash
UCL-Tm21Rft-u6EI18n0EN2w,Rusty.
UCgtusY_DqZ94PWwP2s0STfQ,Not Found
UCbuK8xxu2P_sqoMnDsoBrrg,WaveMusic
ucfk5mmr4k6ulpmvvzkge5kg,Not Found
UCzBlSkoO0rN8h7TTnd5Gisw,"Soy Yoh, un Chibi :'D"
UCO-Ah_K161Ky1y65-o0y6mg,„Çπ„Éë„Éº„Ç≠„É≥Á•û„Ç≥„É≠
UC2tsySbe9TNrI-xh2lximHA,A4
UC7qaNVPckYkv499IUZC8xQw,Sham Idrees VLOGS
UCSE6yilNScIz1SLTNQvrXMw,Vinheteiro
UCnD-frIn-2URPLnDWNN6UsQ,AzzyTheMLGPro
UCV2VTmYFCu1lMLFdQRhtZ1g,PLAY android
UCk-TjsEJhjQgKCo9yy-MOqw,Siena Mirabella
UCgVQNR005gYvs5Ca9Ug4IeQ,Yeardley Diamond
UC2bt2zy5NiJu3lOiv_XpITg,NFD Needfordrive
UC94Z4HZJkhPm94YPH1GE3bw,EileMonty
uclnxiqdgi3s4zykx2auw2ia,Not Found
UCuTjEyGrtD5c6YtCZcm3BAQ,Not Found
UCoCnwCIBC0aPTOveC6KALMg,valentinorossiracing
UCu7v3hTpo1MUsOgH6Dbt4Pw,Carol Guimar√£es
UCWNKXEXrg5G4pHNaJAYIrUw,GlitchMasterr
UCytp-dAj-E1Pls8c2PH_bbQ,RiffleStudio
UCVEhM41j4faoXPqh6jhRxVg,–ï–≤–≥–µ–Ω–∏–π –ú–≠–ø
UC9vjywnlCDIMSGcI6nfr3kA,Caique Vieira
UCIlrH9NZS0jp2Ly7scNreuA,puuki
UCuumcJL3gFnPGREMDveTzZg,Mad Artist Publishing CGI & Films
UCL2bI0wNMC72bm9oBCL4_KA,SheLovesMeechie
UCHIwQiZhIn6fm5b_IilqBbQ,DaniRep | +6 V√≠deos Diarios De GTA 5 Online!
UCOLpT9dCbWrDgUUUutaeiDQ,SUPERFLAME
UCUc_tMYjsYrLIQBo-Crq84g,WaRTeKFilms
uc_dvkyrg5uddejlhx4bstig,Not Found
UChsHrEgI8qb0dBa4UF791SQ,Billions in Change
UCP3PkxfP6A_KqbaCOBEQQuA,O Conselho | Fl√°vio Augusto
UC-Z8D-hxqWDcglFSH8E1AYQ,RedRibbon Channel
UCr7zgkW9F9koYCPhooE65cQ,Carol Rocha
UCfZipaBNfGdyTKj1a3zeKNg,ALKALABS
UC8GI5pTnHATgRK6vgWhu_-A,Cile ST
UCXikjUS6l3cOsdCw5NtelXg,EAGBrasil
UCSihyW7pjiGejpSUmVfup-A,Iqons
UCEeUSqL6tZkTcX8TQaHGZ5w,MaximumChannel
UCXofX1K0I8UbC19TZ_0Hw3A,„Éû„Ç§„É≥„ÇØ„É©„Éï„ÉàËçí„Çâ„Åó„Åü„Å£„Åüww
UCfV1FFayeqmW7HzOETTGZhw,Parafuso Solto
UC3WoPalcYf7d_x4DC2BXAfw,jayvee
UCmSwqv2aPbuOGiuii2TeaLQ,Blame The Controller
UCe4cvS49UW-rfw---13JJfA,Malafama20
UC3XTeoetclC3-_NEPEkgfVw,TJR
UC-bXlo2JKw9pjM0V0wmGrGA,NAVI Dota 2
UC2NH07Y5tx_PQvqaQGzxKxQ,Master Wong
UCek8zsIojbAidIscsWK-vhQ,Godzu
UCC3X9GsUgMwjYrOTInBeBDA,EuMaster
UCm3-xqAh3Z-CwBniG1u_1vw,Ambient
UCd8Hh4oCIwaUAgV_tPyqPbA,Gallious
UC-NINtNMPM75eaqh07RCy_Q,InformOverload
UCkrbi2bmw7DQuuC8k4TP-QA,TRUE GYM MMA
UCvVWoVROH-nfAiXfr4nFuDg,HollywoodCIA
UCCbc9GxE0TmCoSWqImckHwg,NashoLimon
UCAFtKYX7eQ6obTteYpb5aIQ,Hova
UCHVd0LM1g9S0cttDHkidEHA,Steve Hofstetter
UCkX-h-pjCS9vjRRCl-7d9uQ,Not Found
UCYrb-lAZKiQ_K5NP5Xc2t4w,Kenji
UCwd8uu2mtJUgHYRffUl2yPQ,Secession Studios
UCRcSTKonUFOqNhnc0o1UpVQ,BollywoodCIA
UCFZqmES1nQ8tXI8k9p53eJA,Ne-Gray
UCvwG2iwZWu7g7sjAAyf6maA,ruslantatyaninvideo
UCwV-qIQCH2i24TfLK8GGEYA,N2 Cat Crew
UCttQf1sGLn5wZaaqoHam1-w,BrandonTan91
UCZdeBrO1HMUlgP1-tnE1Cxw,SrPedro
ucywhhtxtaz6alwmcypitjjg,Not Found
UC-B2LyEZcl3avG0coKeohGQ,itsRucka
UCtXmSCtMooNybUC0M_V9E4A,Deco
UCk6qykvBpLDwzgXeD8l_uMA,DavidsTV
UC-4TwmWQShd0R6YZ_HJ0NfA,Henrique Nemes
UCujM7RaZqUB8MfUJ5abh7Wg,CarlosCoDHD
UCsZf2Kk3I9jT5WyUcakkwYw,Not Found
UCu5MM6dgH9IgvBr8WDrn4Sg,Verdeliss
UCW07alAefFXWdo7RgEDtBcQ,TheDevildogGamer
UCUVa51UA_690sEKyRbHb-5A,The Finest
UCk-aq5eLedgfKkjAoGh868w,WtfCurioso
UCWPqvTI1HMOC0xxyaqfLtXQ,IndieCurrent
UC7D_stF-9Dbyh6ppRHKfe3A,100500voprosov
UCMpAGF30Jv21vBzN4SSVAZQ,ChecoTV
UCR7OfNM76FjCvO4eZmrp0hA,JanneMann ¬©
UCfKwskQKkgMLOa9wXcc-dhQ,Michael's Photo Tips
uckrkw1_u0o8qsc3xslorhew,Not Found
UCT7WRKseRxfQuU2IUDD8hxA,Not Found
UCKMpukr2NVVB2W0ZIXl9-Zg,montagensgabrielcx
UC_AsiL2FFq4J5kIH2PQqwVg,Matheus Kuasne
UCsMzMM6gDS8ZiDIPmatGngg,Richard LaRuina
UCpSHC22pDnOVGo3ScWSQ-fQ,TemplateMachine
UCDxNbaAzqu79BjS52NB2IFA,Radical Leisure
UCtaykeSsGhtn2o2BsPm-rsw,Make Something
UCdhCZ0JMAZblDsHcMIMtz5g,PredeeStudio
uck-koqn7yzobgsqj_m03hma,Not Found
UCwIgPuUJXuf2nY-nKsEvLOg,AirwaveMusicTV
UC_aYBp9t1wzrze6M0E2Ijrw,Jaz Jackson
UCdHnhKSsy1yGGZz4DSkOrJQ,Hassan
UCV_ico8o4xWK1na22CYi61w,Sonicblueknight
UCIdhrZprAQZIAVEvjVKCxzA,Tekk
UCWYtZYH4kcbMm29liIOSGQQ,Kung Fu & Tai Chi Center w/ Jake Mace
UCFlXVG5hG9Nf301aZ7F1KYQ,hollywoodbackstage
UCkl7qsnAmDSkXHSuPl6nygQ,El Botiquin de Roylenis 1
UCBq8Xz-h8Qdw-qHJURO-Uqg,W. A. Production
UC9IH8FkrDDA6hmfKzNLSlDQ,Prosto Jerry
UCRIdQUitYvgF7pQiKjgsB-Q,L√¥ Vietro
uck6qykvbpldwzgxed8l_uma,Not Found
UCWqp_otGswgVvFjX0CB-HzQ,IShow
UCNGT1TVC80gfnCiY8uYwP0w,Land-and-Ya|Feed
UCczIwLhWEOkALVAz6WG8Gew,Yasserstain
UCZdEjVj_Azow_mr53uJr1HQ,Alfonso Le√≥n
UC0nxVLJhSzJchdfQvQtT2bg,ZETAEME RAP
UCTdnSQQAx81nq7FY5joyQGA,–•–æ—Ä–æ—à–∏–π –≤—ã–±–æ—Ä!
UCfy4XIsYPJ3ubslsPwwIe-g,Jack Thammarat
UC0l55zIOcHXUwhF-FOvU7fg,Huligani iz Gimnazije (HiG TV)
UCtt2fF2vhAZA4AjekpuuxDg,MervanT
UCeOEiGHeMyfU7kMpGIZ3uBQ,MovementLifestyle
UCj_m6JZfmOpkYMo7_XLNyKg,ARUAN [ LIVE ]
UCPaAPV43ji7Sm67HLPxIHMQ,Necross Melphist
UC3QF3l2Nt9o2nibvhuorGUw,StatusAndroid HD
uczdebro1hmulgp1-tne1cxw,Not Found
UCB5POybzno8F7lwLEr_C8og,DaniRep Happy
UCBGt1OIup7x0vhEvUNoWEMQ,Toma Dan√ßa
UCowx1AXgDjPamKTrZ1zitpg,Not Found
UCU8-nYapUTgi6aHukDJvfGg,KW Animations
UCMDpczf5KZc2cDSexi_TkLQ,Robin Gallant
UC7Rrbm84x8RK0OkKlHpmiUQ,Asubio Kids
UC0Juf8RX49w9_7FdvcjtNdA,Diddy
UC1CFfZCWz8xMU683hkLTtfw,ridiculeando
UC6AnFvHuYkEh-wLQynL7EaA,ÿßŸäŸàÿ® - AyoTube90
UCnrXT1MVcEoaVe33JZ_IkMA,Êù±‰∫¨„Éè„Ç§„Ç∏ TOKIOHEIDI
UCEwXobhiNuJa6Qm8lQ9F2IQ,Spanky Cinema
UCmoSTIGSs7jDxspY_KwqWsQ,Not Found
UCKjdf1ZGbTE8L_Lb93OCfbg,GameReality
UCRjzJz1gdCcgawW1eJP8-oA,CrazyJapanTV - MEU JAP√ÉO √â ASSIM
UCPtLtJEoVSzd-zMlZaluxEA,OpTic Pamaj
uc-tvz0fjd6xrvvdw_4dc_gq,Not Found
UCWhQwvCaC2ZMkCnrC15NfAw,RootJunky
UCMvETSFFkMOADyrGBj3gbWA,NerdOut!
UC8c51tOe18ZdRMReEjI2XJg,Tia do Ingl√™s
UC-_tUoyID1rv_ftGBk3tg_Q,Chloe's American Girl Doll Channel
UCYB7ThKPX4Zhh2KxoImQO1w,horrornymphs
UC5nc_ZtjKW1htCVZVRxlQAQ,MrSuicideSheep
UC_hlt0tC9nsclVtHaWGhbEw,Gabriel Gomes
UCHIY759GkSeepw6pHzVCrng,Afinco
UCi7BsyeNmdfZa37Ep8kl2LQ,Big Man Tyrone
UCUxz2Q4j4bU1wasCDQTLibQ,Tiago Fonseca
UC477Kvszl9JivqOxN1dFgPQ,Iron Pineapple
UCHfKkFbUKbBi8wth8GjcWNg,Dario
UChIZGfcnjHI0DG4nweWEduw,TechSource
UCmjw6joSRPtwLoLLsXhiUug,Gabriela Capone
UC5WwsN-iuCndwZfBGpcuRCw,angelysaras
UC-vObULK1w635bdFQpNlbQA,Hoopla Recipes - Official Cakes Channel
UCyKA3ZlcyvFYJ0I_hRaL7dQ,MENSAJES DEL M√ÅS ALL√Å PARA TI
UCdVFqO-AtrI-6mpJ5I-vr3w,JoelTheGod
UCt_wFX6XDkIVoNpzBiRVcDw,OnlyAfro
UCjmsgUL0Dk-RpIB9co1HlMA,FrasesGamers
UCf-p8DeUzTqmsGW1tFOArTg,Coestar
UC30gstEWDqXJ0cCDnfpfebw,CarneMoidaTV
UCyd8nXAyK4_tHfM98KOxQ6A,UniNovelas
UCLmXbAhDd2-CujWuHuWXdvQ,byAbeL
UCPUarEI7wLwo8aVbk9y1UZg,TGN Minecraft
UCLq_SYAsBOAHmWE6CoGzaTw,ZZ Kids TV
UCTSkpnADhfU8UyFJmiHzYuw,RAFA
UCIDNuVtVtrOZDt90dsR9rog,ItsRedFusion
UCTCo8fXHTrOfOcY4QL9a_Ww,Motorsport Magazine
UC-1-zPmT368J8JRbsK_1keA,TheMakeupChair
UC2wKfjlioOCLP4xQMOWNcgg,Typical Gamer
UCOhb9t1loqbrnbx0anRA1nw,SQUISH! Play & Learn
UC0wf4lCB7kBeqQN4IRp6ntQ,Fentom
UChYjjCbuAIniUnaNS_nhjpQ,SAN DOROROCK
UCOt0tUQsNiIWIbwO9W-z7-A,GoldGloveTV
UCY43wXj8uziUn76CleiP6FA,Gore and Perkins
UC5jdh2-mfP4F2O64iotl7jA,RandomTOP
UC98fNtcwVdK8Rx369vnWl5Q,PromocionNewHD
UCAsx2RpZTNd5gesRMgRuiAQ,Not Found
UC_Z7VumDEvbvey_IKHWjuCQ,ÿ®ŸàŸÑŸäŸàŸàÿØ ÿπÿ±ÿ®Ÿä
UCUjrDJokSX8JavRwy5iUOkA,Franco Escamilla
UCSGK5KVtylbPYPViZXXn4YQ,Mal!bu X Dollfxce
UCKPOkQ2JV3XncM3Hlj7jLzA,Adam Ray
uc2tsysbe9tnri-xh2lximha,Not Found
UCOPd1PGnmWZff1zIp-kvltQ,Yayixd Changuito üêµ
UCP5RBe_RCNZ2BwkNsKIQ77Q,niccolasdelucca
UCZ-qxagOkAmCEP-Tu6YliUQ,Military Arms Channel
UCAxBpbVbSXT2wsCwZfrIIVg,GuudeBoulderfist
UCZOnSuO8tWFXLp8a828lgtA,Funformi
UCK4p00drpt-AP2KxWs_H34Q,Doi Degeaba
UC5eFkEYek-doWULoTMr5VpQ,KontaktMission
UCR7TmF4nvC1-7beky_gVEig,Toxic Tears
UCn12e0roN5zHc0akyskTF6A,Exerc√≠cio em Casa
uctlth0w7_myqphpvimhq99q,Not Found
uc7-ejtni9zdr6wbm4vdhnfq,Not Found
UCHOvLS8RzsvgbHL1gNHFsmw,Not Found
UCiSt8CEY3LQpZl-l3EuAY3g,oSporte TV
UCF3Ez6QwZwwr_E7RZGJMW0A,saselandia
UCVyM1Zknz3u2hGLAN2NVtZg,CJ SO COOL
UC7V9_rZ_bZQTy9gVnsW78hw,Ninja Palette ÂøçËÄÖ„Éë„É¨„ÉÉ„Éà
UC1bwliGvJogr7cWK0nT2Eag,MKIceAndFire
UC2XGbROp_nr0JYTx0BBdflw,Carlotta Ferlito
UCFQ7vc-dWlSUZd6OqsAepMA,High Times
UCrJHj7MDQhmQ9iFuACdoWCg,EnglishAnyone
UCjoI3m5iiEu4iMjbADY-oBg,JinoGamerHC
UC1r9dykAmP4OFdvcVfFkpXw,vinishow
UCsL3XC7TsQ4F6q_a6heq1-A,Roblox ao vivo
UCPI7Rm8rgXmZnYw12R2SkVw,Sophie chan
UCbt4SegZBQLeXMTMvnrfZtw,Gato Galactico
UC00P-HdiXwg4EKwJIwgV7AQ,Mai Garc√≠a
UCEX-6l9RNkbY_JHFqprPmTg,we play Oldschool
UCslJxr8-nmxGaobFGGTFDbA,twentytrucks
UCiIYSajvl2fX2bIySozY7_g,Javipior
uc_w7jb4v9advaq2pelhi0qg,Not Found
UCjVkjd2VWCWO-9DHRQER3Yg,KidsCamp Nursery Rhymes & Learning Videos for Kids
UCIje9P7FBPX2LWBHCD1SldA,Dominik Klein
UCTafEJoRl5myC8A50plIrng,FabienOlicard
UCRQYNsamuwQ-wyJBVD6PYxw,El Spectro
UCTiCPFd6qqBIWTN4xTVPsyw,TheBestCubeHD
UC5N89LfPZ52eRaW3D9wef8w,Not Found
UC5fkkiImyfs93wwOLbC0FGA,Herbalife
UCj10EyPn4i619iC_DZmA46A,KHXLED
UCh7hN9tjZ7uK6woboqYYZbQ,REPETENTISS
UCbtodmCOE5CDdVvVvUzwQfQ,Chivas
UCPsp098EE90Gyqgvo0Eazeg,Josh Tryhane
UCtrQLD63bjAWY3KNiSCBiSA,goomzilla
UCQosgtTLrmHjW9DilZCMTbA,ksanody
UChtkSb7DlDOVw2Cg5yA-4Lg,BICYCLEZ
UC5kuZd9H7tgOSs8JllxHCrg,UmApMuitoLouco
UCdySspSHtlMprXVzdjaG9uw,–Ø—Ä–∏–∫ –õ–∞–ø–∞
UCCF-1DYSb2deBcsdypD4b-Q,Pj Masks Full Episodes
UCxF89pqgIZrs4oKGKaiCvDg,Fl√°vio Gikovate
UCNuqrdrHpZfQve5xfTHpIFw,Teamheadkick
UCK26nYUqsXmV-vuidemdDlw,Rogue
UCfLyB8BGkX8iNm46_54Oz_w,Juan Spagz
UCSo19KhHogXxu3sFsOpqrcQ,TUDN USA
UCs2AZhOnCTX0P4NtyNpuetQ,Febatista
UCiu4UUq33q8BYLsqZ8YIw9w,Tequilaz
UCY2ovfktLak0pE0zSzojlLw,Moozika
UCpyR2iOezcOMhlMVSVCiZpA,Yellow Bants
UCDAerbDX3S9y3pkWWvvmlCw,SakuraKisetsu
UCn_kYmg9eBCd68WjO2-EQHg,Emily Let√≠cia
UCbxK45q6o3RnTzGmFSiytoQ,Rooster Time
UChSsKVEQ7MWauk25HMOH_kA,WhatsHot
UCPNBdj4Rxz3eieeeC5wsc0Q,Luca Dorea
UCEbXfIV8KYSBehCAS8hV4PA,Leo Augusto
UCWIQKa5jedDzmKoTM74m_mQ,Toddynho
UCpO4OkovrHwacjTeihmi9xg,REI DAS SERPENTES HAROLDO BAUER
UCKTaG5956PshWcABGyEBpFg,AkimGames33
UCx-941GqGPXXupZ4mLixifw,1Rod1ReelFishing
UCTDJ9osmaIty0MVkUZymVmQ,Amerikano
UCYfoNGIWq7109U2mgFR3DUg,TritanArmy
UChJYRx4WYoLD--x_VGkGQfQ,CLAUDIA MOLINA
UCuUsh8tSpCzQSfTBPXHMlHA,JHub
UCeg3kCPS0awdApTERsIPkyA,Not Found
UCS2EY3XJCvXi5QGTN6mxUtA,TheRunawayGuys
UCHgePkf8L21iPatUJtn3I5A,schmockyyy
UCFF3bw1VRrAB93D5KNmeJBQ,Rey-Zerch
UCXy3OAlKBy90MHdH6ThuvMg,PietroAxion
UCEz_ZDnJfzcqqIn_MDioVIw,EdinCreations
UC-iMSi2WCGLWFapceMQJ-xg,Rafa Martins
ucejosbbaofgnfrodeemylcw,Not Found
UC-Tvz0FJd6xRvVDw_4dc_GQ,Gelli Clash
UCB75v845OLZ4RYevscJjqRg,FLoPEZ ‡πèÃØÕ°‡πèÔ¥ø
UCoAqa-GrqMHIJGMz9UG0wGw,zFazT ‚Ñ¢
UCWjzAwHC1G6Gm4gJ5M69sPQ,caIango
UCFH1y5XqZ-BMkqKsLzpJzRQ,LOPEZHACK | LOS MEJORES HACKS Y TRUCOS
UCPcABVoFfCK5gDfX0PY1KGg,Drew Durnil
UC_g9mSftoFMmS1aJcN2WAmQ,ColinandConnor
UCbTjXk-rplm3mYJhJI82How,SouL Animation
UCr8O6yAciPCGKWBEIASK2lg,Minecraft Five Nights at Freddys
UCIR5fQYvlesC0UG9qQJ8TjA,Not Found
UC7F2QS7wk6Eq9Z4uabl5rmg,Military.com
UC90GDZCk8Wq-pIwen2soJtQ,MadpuppetStudio
UChUjERVG8eKEAJSCef-tTmg,k4sen / „Åã„Åõ„Çì
UCmHQOCCXZm9Nsl7xvxlgk1Q,Player Red
UCIZSqPHF-R9m3X5o0VPKFdg,iO Trendz
UCSbE2EGAgFrWSTKIZzkBUUg,Megandroid
UCCkG9OBMaZbbrbusZrhLFNg,Glyphmedia
UCz31TmY8O8NWvNGE-3PTbCQ,stonewall008
UCPI0Gl6Dp7SmgfhaAKK66iw,CaptainStanson
UCzsrlx75ZgyJXW1ebS_Yz4Q,Not Found
UCEM_hWIHsSWHR45cVRh7_vQ,ify_faiz
UCjyk7PsKsu6Fu18JsWXcUzw,Firamir
UCq2Dfh9yXrlb1WMCtzTsVnw,Alzatemusica
UCnJ-KJLPlRw90rGs_6XfmmQ,Mateusz M
UC9qIxR3lFMKkdC3SVtbxgqQ,Screwofficiel
UCR3vcUrhFUdzagng58ueI2w,Invento na Hora
UCkFYKn7RditA-BnWCTxJvMg,ÿßÿ≥ÿ™ŸÅÿØ
UCKJ-0q01T-B5yMMDyKzC6og,HearthstoneRJ
UCKVCxpONs61ocM0G3Hvq1sg,Canal Frozen 2
UC5kLJ7TZ0yB1WOlcdyV2vxw,Denis Gusev
UCxJs0oZQ9Hnk20KZEL79ObA,Elmircom
UCh0SxnImUvpWs_ZfEoyhkMA,Not Found
UCZw2ZUlMrzGa6vFnjsT_3YQ,Christine D' Clario
UCcem9I78ybZLHLRUlkUO3sw,The Proper People
UCrUqjv7ExZRIVhLT64pY7aw,Tonya Tko
UCbsxBUrEBPv53gd0HKkFo3A,AnonymousAffection
UCGTPNs0ZEt9HHXlBW9FZAgg,Jabuti
UCsFctXdFnbeoKpLefdEloEQ,alishanmao
UCNwWYsIqj3htmVagqqN9efQ,GERINO 
UCvAxJ9OyWcpQl7ft1XrZPRg,Andrew Ucles
UCA0-7IPDr4mSF1KlC9aEC_A,„ÇÜ„Å£„Åè„ÇäÂ∑•È≠î„ÇØ„É©„Éï„Éà
UCU5PFBGUmE_QbZID2mKrHfQ,Adrian Tops
UCcbH7zrl0Av9ychUqC1QxUw,Voc√™ Bela e Saud√°vel
UCXxRXli3jLXd75Z9YLr5Qig,Smith Benavides
UCTvRo7ZqONvaTvh0lG2UYxA,Not Found
UCj8IEH-pSJU8_xEN31K5nKw,fourzer0seven
UCvwDNr7ec4Qaa_25VYOMhxg,KingsOfFailsShow
UCU20zn5IueQz8WAfud-oeFw,Jaqueline Guerreiro
UC5XPnUk8Vvv_pWslhwom6Og,Kuzmenko Media
UCu-TTFBIA1Pp9zDo3xiKoUw,passionsf
UCEzc9HSNLSD4O0YYHVK8iEg,Not Found
UC5ORAsoL0yuh5tPLpgx3T4w,Not Found
UC0YFjwJc3b1otDerdv6CfWA,XpressTV
UCXOvLBhx9TwdpB9veK3L13A,PaulKimMusic
UClaMT8WKna11fOahRVgpp2Q,Vandressa Ribeiro
UCBoAMxg-lINmBBZ3fuI64sg,Racing Brothers Mx üá≤üáΩ
UCzh37FC_uMpgyeXese7f0ow,CRISPORIHD
UCWdwsOLmtOIi4WzIwXC_ofg,YugoyYa
UCPIqJ65Rbe7OMELyTwbb9Jw,Uncle John TV
UCy_pH0l1ENt0keocE09jYDw,Rudi Rok
UCVXIl8kDnBLlpbpukSZyluw,rizzler
UCOxdVScJgZHg7FlMv_CVsGA,UnitedGamer
UCB6p9lMfq6rczdFStOJ1eNA,MoonKase
UCnk1h9Fx1Nk48WKV9zmeoBA,DaveyWaveyRaw
UC59jm6JUT_PNciq8XNHDCbA,lozaus1
UCG5Ihv1GmfANmpuoQy4X10A,Not Found
UC8KQmWcnjlbhg3DqXmtFTvQ,Marco Masri
UCyDE9oEVAZwBtIsqMV26SIQ,Getro
UC3bhyLlscXLDvgplXOjlveA,cCraftedStudio
UC5YlF1SfXpeEld2vkjK5-sQ,Kalipso53
UCZSvc56RsgqjJ4iN2P4_Fjg,NioBloGames
ucsjsjcitl2lourzxnigvcoa,Not Found
UCmgwUR8qEQ3O6JfZB_-9WsA,Tinkly Tots
UCQV2gJ9qYdZ7S5QyCSaQdIA,Not Found
UCMJ2NHhG--EwssJFsj8BGlw,BarbaKahn
UC21HWArCJoqwa7GnrPQQq1A,Prodigiofs
UCVUD8FVyHrVRssLcEK0SWhA,RobScallon2
UC9F78uISjfag7rYH34LCBsw,Not Found
UCh1wVdMXm1Qr7iOTuKy9egA,Bogdan IBMFamily
UC-bt2BScQptIFvRa_m8RyTg,ROBERTINHA
UC-5IARQbNv9kwsd9uEhKKuA,Chiara Castelli
UCnGn2nq973Mgp9AixbFO5Eg,CANAL DA ELETRICIDADE-REFER√äNCIA EM EL√âTRICA
UCKE2nkefDhQ6de_MxSbp5gQ,Not Found
UCtRDjvmnxgv6nNL6h696UYg,Dwayne N Jazz
UCrR3Pb60RA7lks1zV_LYauw,Lucky Salamander
UCd_EkHbEutirFl_XSrg95kA,GD's Highlights
UC_9H4QOc7C9Dz1nQaQL-24Q,TuAppleMundo
UCjYw4_AbIYk_6fhAy51WSKQ,Not Found
ucshzy_zghxhkdkh5nswybvg,Not Found
UC6cTBSaAcWciALEhGBJS7ig,"owTreyalP - Dragon Ball Z, Anime, and More!"
UCGU68EsB5b7lx69tFv9jBGQ,Shisui :D
UCKSfUkYtc3wGCSSOoBbNUHA,Maro Schweder - espiritualidade e autoconhecimento
UCtZP0L7yoEycj6w-f7uVNaA,ExVSK
UCtwSmp442tQB8RjqPyfKIkg,BOOSTY
UCwK0QIxD9qqu_AEjXhMil8g,Chunky
UClFEfbr5wPUkmgqMhtTocPQ,GOGOGOY
UClMR4b9Hoxnz6fKfOKLm4Hw,MA2X
UCx26IEHhR8fUcyGVZLbFx9g,NoahGamer
ucdlf4s-ckofse-ttbembitg,Not Found
UCR8wDNtrnrL8oDvnHmifK-Q,Shazreen Fazlynda
UCBFBcZYkcC28f7_VPzsH1Lw,CS GO STREAM
UC5lvNBwPlYDB-9-uQoY2jIg,22plinkster
UCWAuPC_qQWYFvCoM5kkL7Jg,YourGuitarSage
UCYsYJ6od6t1lWnQg-A0n6Yw,Not Found
UCEwvGUaGZ3lbVkliuVW54jw,Not Found
UCJpL0JQKe7I2EbphDI7IKPw,Undertale Comic TV
UCHT8BScopAWSWM12B_Ys9Kw,Dr.Jamal.Skali
UCzsrTJtY25ZPtl11KhiVHaQ,NGA
ucq0-okjx18v85qlcar1gbwq,Not Found
UC1A6qwJmTY77-n_HqqLNUFw,SpaceX US
UCvjcjZARaaXMppR4c-UMs9g,Vic Dibitetto
UCbnW_sWxhLuWEMw0_sEOqAQ,Money and Fame Network
UCqQHMj1WtxOoJ6N7NRFKu-A,CLOUT TRENDS
UCzZWQl6B0esf0oj6hOnRiPw,Gozel
UCAeefF0aWOFo6ZWCPczwcbQ,ElilobosMortal „ÉÖ
UCrLx9kGtA0wELoy6kR8Hkww,El Geek Sin Nombre
UC8i0S0HQrrvwk9COG5Kv4aw,Alinne Marques
UCMpkJrl8kS2KTdy7RiHuieQ,Tim Cadnez
UC-KzTm8MhAQFS_7aS1sTzFg,Thomas Henrique
UCggidszp0bvtDTm2UK8kGuA,MrL3O
UChkN22jJeZr7UmDkN0wYYXQ,Thetoretegg1
UCWDnlEa1QOSVY5Gjlh7k5Fg,ZIDKEY
UCH5fi7Ep66Fn2EPvTelvxvQ,DKD Art Studio
UC9SUMV0oYm0XK9H-c3GmKaQ,Primer Impacto
UCu-WOk3w393WuhCqZPeKxmQ,Not Found
UCgAZQMB-xcjBEa8LFV0vlqg,Dylan Taylor
UCSuJjfAVOCAhaHicxqPHkGQ,JuanluDBZ
UCrtkFcLOkMud00rJcNbSH9w,Yankeeunit91
UCKilDtv4L7WWRq6rTvfwvIg,Patrick
UCIOD_BwoqeABlWJJn9SOJVg,Andr√© Fernandes
UC9TSMKhFYrxQSd4JA03iHUQ,Not Found
UCUaUhkLyJCgVOMB8YOKSN8g,Play Guima
UC-4kjzuh4822B9yPSgpZQgA,Matheus Yurley
UC7J_HA8t7l6iJt83M25W8DQ,Ci√™ncia e Astronomia
UC187p0uaip4tJzkHrqIBKMQ,Mike Arts
UCbx6pClCMGeTTWydbGR9zzA,Not Found
UCX7qgvNi2TCrtK8bAOwakZA,PsikoLoL
UCTSOvu0qr4dhG7fkiEktTVA,Lukischannel
UC8kCtPyCPg50n3XjmjRraGw,Lythero
UC_W7jB4V9adVaQ2PElhI0qg,Blaze Infinity 
UCSeb5KSN6BC1c0WwEjUzM_A,Squirrel
UCcoqsY4JHQifZtx19Cur4lw,Not Found
UCaSNNwDLu238uM0qzeDAZIw,hella-flush
UCRY5Ex9MEDYHuZPZcYjmb7w,Pira N√£o
UCWUi0SCvgAGNJyS3Jmfibow,Body Mania
UCf6riPCpPuQiE8kjxLqK3HA,Zacktv1
UCpASpEULMIncUjJQwd68yGA,Not Found
UCS00o7YGe1yiEITgKnIVpmg,Not Found
UChNZkn2p1FVG4LaybWGKlVQ,Danilo Crespo
UCKbFOmLeskK39ZJXTDIxhoA,Djprieto y Neta
UCWm2S7ITZZPd2_UzMvBSshg,PrankAttacks
UCKkJlzeE2xO39KoH9pNrEaw,Not Found
UCv1eHXj4h8gRX8DYfFz0Jxg,HeyKids - Canzoni Per Bimbi
UCut01Hnozs1e3hsG3xMRfFQ,Stormette
UCj3ygUfAdUPlbaXrmjEYWfQ,Sebas
UChi75a590t_tbpewEY77sOw,TheSerbianEnderman
UCI4kXahIsuJYCmrEkjFjAtA,Relax by Ri
UCOYzCORIQt7sNsCFWYtKdGA,Not Found
UC_I3C47_Ke_rhWH33X5RW6Q,kenandrewdaily
UCeE3lj6pLX_gCd0Yvns517Q,Ozzy Man Reviews
UCKneDiDpM6a1dI-ulzRRIEQ,Viol√£o DeBoa
UCaKYDdoWRyMElSo9uD_JS8A,"Senta l√°, Claudia!"
UCX76aqP-f8hbkTowMAsQmwA,Not Found
UCgDAOODOCZTNPd5GRBDiDfw,O Hipn√≥logo
UCeiUbjhHYjetmXIfEUQ4rWw,Purachilena
UC7IJcslj7NPvo12tyO5Qguw,Canal 7 Coisas
UCxpOgAnraa82k_cdEuB5OdA,Not Found
UCpw34U5B3F5AG5kibsCjejg,fwoggs
UCJURA947FaXmwXNt36dyYog,Bianca Torres
UC-OdneZw4Az5f1Rv17UKthw,Let√≠cia Xavier
UCDa8HbNrmkFhKKOeiB7JaRw,Teo
UClVJv6-OjKTykWC-F_Dyegw,2MGoverCsquared
UCcN2KL4nOsW8s-0_F6LZyng,Ambu ‚ñ∑
UCRh6ao1HX4qLyIpqS4pquCQ,CRYPTO STREAM
UCSRxwZFJLem4ufcBhtfiMng,l4k
UCDLmS9vkPcTz3cAc-c9QIzg,Tanner Fox
UCiWFHBP-d3GNxg_U3NYJKyg,Bajheera
UChdOKU-aqm_IwTLRvQm_F2Q,Bedtime Story (BedtimeStory.TV)
UCEbn7kXmcWv3elvOOo5jARA,Not Found
UCM3e8MIdaDQrowdqdPEw-gQ,WES Barker
UCmLQUYExRsnLd4pyKAQFCcA,M√©lanie K
UChi5BloQWdByyut9QcX2eNQ,Ainura Kudaibergen
UCu17Sme-KE87ca9OTzP0p7g,VintageBeef
UCJliYtAT57qlJUuJKg_TpWw,Brasil Trix
UCnXM5uNrNWEH7ewvIVsDRIg,FLAIR
UCPaL0Om2geEJyjncqTGm49A,Tiago e Gabi
UCjoKyJSPrvt4H9jX8iNV_2g,DeiGamer
UCZlzKyTTEZOk5zHq87_WecA,Caseirices
UCS1pY4I2GeXEpYctiLLsosg,Theekholms
UC7ncB-ZI5-ElMWi1EsrYqfQ,Caipira TV
UCP30uBTSxC3oF3wh7CHKpbw,DSimphony
UCzWfqsjlvzAOUozsGFR3kbg,KingBumble
UCy8nxID41QLex23-iFiRtIQ,Familjen Lundell
UCHrHJ9PDhruY9XF5WXJ4a7g,Dankev
UCIZh1qgtqweKcakAOHNvHyw,Not Found
UCtkINlF2LAt0cpd2ySc8mgw,Quadeca
UCHfWqGvT0t5VQbgBFmVQpNA,Amanda Pontes
UCk7WWjJW1xfd848cjOLCDcg,Americanas
UCxHZZJWliyo2EAUGM4dyk6g,2pFreeGames
UCPeHKeg8RVHOBZWyZijoqow,H·ªçc Ti·∫øng Anh Langmaster
UCPx48qVwJQO3NdIhGOqLM0A,CrazyGamer
UCd7Dt_-YT8Sdaet4AxG5eog,EligiumGamer
UCIa3xaKpOhkDyWwbLQyat6g,ExpyGaming
UCOJLs6Hq_6cscqGC3pZU8aw,Rampage e SxbriiX
UCmZhiZq7M7d73Kbey4yna_Q,Derick Watts & The Sunday Blues
UCGxsdFZIGyo3e53yCED7QhA,Master Loquendo
UC72LSerSpu1y9y_BlDHWLGA,Dota 2 Tips
UCqxTK2IACp01pP527VuSJjw,Aruan Felix
UCpghlhPvqqvOsoqPUIK5CnA,Ricardin Niarüí•
UClRVvM7X7zX65HY9P7Zllvg,Arcade Warrior
UC6H4RND0w8ZUdH1H8IXpU6Q,Victor De Andres (TV)
UCHjpnTDRGvo9qeUT9atMOpA,Kronovi
UC2Wp2LM9bspvkzmDKjqTD-g,BabyCenter
UC6f69g5rtNFhix--ZY8yAFw,Anno Domini Beats
UCJpTKAPjRh-ThyHXN6r7kxg,Sherin Amara
UCtldOMW0pKAgMkdq8Z6I2KA,Zelda Dungeon
UCzXwjTI6c6mVn6oui_p6oiw,SMii7Y
UCIhmXuqtOQVJCPbh_tXns1g,Dudu Rocha
UCyN35aTYJzM3m2xEwCTdZrQ,Not Found
UChiWtH9qNK7NbK1Odkqbc8Q,Vampirel.la
UCdkyHgvtTdwEiGwsFTcdHVQ,POPxoDaily
UCTRv_O_UD6oLKU3K5s9wyDA,REO 2 Bucks
UCdnkfU-V49Xpj_vNyP2BYlg,Not Found
UCGjETdt4PobqegtvuWRid5A,Rubinho vlc
UCo-LBfjKOUAEUytVpbSLqWQ,Relax Good Music
UC_IO8Mo7J6kzvOmhpWLG0jA,UkieKooki
UC1UlueWAcAFx51m_xA3eiDw,Fasito
UCeVwoClNroOJCljdZb9fUgg,House of Adanna
UCH5Y-GvTjX8tULVwEaKof7A,KazzioLOG | GTA 5 Online
ucufymcqaykkbws_z6pfyoga,Not Found
UC8SM02vNv2t6ghcYSab_5vA,Sou Concurseiro e Vou Passar
UCWX3CoS0JkXYvYwuAYM1qDQ,TheGamersJoint
UCxvwP361203MCu7yyOnmZKA,Bruno GAMEPLAY
UCG6QEHCBfWZOnv7UVxappyw,DubstepGutter
UCxueNeCdh5_4-JuCrvWsjrA,Not Found
UC7t5OM0oKq_x8w4oXjxqeWw,PuddingFishCakes
UCzD6o5xiiJlvwXiDOtWRcDQ,Maesta Dea
UCcN8XHC3CQr8383LNywNUGA,Deimoss
UC78eTws-wOypzmbODkom0LA,Áå´„Å†„Çãcraft / Nekodaru craft
UC_qwX4QbxZptG254iH76rGg,Gill Vianna
UC8LCBMNPbE34d6FLW1iMTTQ,notsam
UCnpaCVYxG3uoubVWjXDBemQ,SnobyCS2
UCIupfj3rki6dfjQqFKbXzMA,Cut The Crap
UCVMd5hFLKj-gNx4SSl9GBKg,Ramy Zaycman
UCDM-8xWe5fcQrndYpPjJTMQ,Planeta de los Secretos
UCxoXTZdivJ5zLmN3XC7g8RQ,Gera√ß√£o Power Up
UCLnXoGn0jJP0SLWYaBJY0hg,Fred walkthrough
UCnzbVkknmqhRqUKg7RDTDeg,Chris Smoove
UC-jlW9q8pFYQm9OsRnxPyaw,BrunoCeccoti
UCvUcqc3rsbDCLySVkYBeA0w,Likea
UCZAVoeYzxbZgaV_b851iQ7w,Not Found
UCAcziR0Lap_NIgQcwH7G29A,DavidK OFF
UCl64q6DbhOW28bXCuaDa4yQ,Not Found
UCR3annHvGz9f8iGw1Ia_htA,TasteerTV
UCHXoizN-3WFqqpp9WK0SnNg,Phirrux
UCWKtHaeXVzUscYGcm0hEunw,BRKsEDU
UCX3oC5sWcqPbKDEA_th2OSQ,ASH
UCxlLbGxes_Hh0_exhHTae6g,Brunim Neet's
UCC5qx-6DlQfAmlgPLsAxX-g,Not Found
UCogPz06fUkCGUVRii18FLHw,Not Found
uc0yfjwjc3b1otderdv6cfwa,Not Found
UCjIO686GMOkSypLmyumMxGg,Veyron
UCfHtlDGt-QF5AKfeqjmIPHQ,TGN en Espa√±ol
UCbj4L26QltPvZGfuefarlcQ,Made you Smile
UCvmFOHDjtzl3LLV1DFi1kUA,gnumme
UCSHNziVxXxBCx3hYITLRYuQ,Balentina con V
UC2XqwkqU8ijbEO2ufiVSogA,KamIn
UCZVAW1RL58q_8-tLFqMr5kQ,Nonigamer
UChkWM-BND6Nqz8xSjlPlWbA,Starkinho
UCpDmAxyuLoNrP-cek8tEfrw,celldweller
UCENzLyqzPdI0KiOXFA4cJgA,ProtoMario
UCVPYbobPRzz0SjinWekjUBw,–ê–Ω–∞—Ç–æ–ª–∏–π –®–∞—Ä–∏–π
UCCs9lF-XXPv7F1sMYy_d7Eg,NinchiBoy
UCKv5jxFD9Mn8lxmxbLj8iPw,Fora da Casinha
UCm_NxCO-8G5T1Xas-ZEmD2Q,BloodBlitz Comedy
UCIhx8gV4mgRybaXcZnY5WVA,Haruyuki
UC6xBhF4QYIPPF2_-ExZzd2w,FUNKER530 - Veteran Community & Combat Footage
UCXbqccgn5h3tkVzjava_DIA,Canal DVC
UCXsjXAVjGbIzIBsodlyDhkw,Ferox
UCV9SyA2TtSlclcA3qUXTdqQ,Ser Winter
UCk-YPW1SVFoeggHOGe55h8w,–®–∫–æ–ª—å–Ω–∏–∫–¢–í
UCJI-_WQC6gFABwa-xwgcc1A,Holyarme LOL (Holy Arme)
UCstGwFIbqnFEo4rCeClDhOA,WildHater
UCRNwSSOHb0s9sSAUZb14Itw,DustElite
UC39_C6MBF5ZspPHBqSnmf1Q,More Meg
UCq1DHq-pPU6Cn8HwtL22t7g,GoodWIN
UCyTYz_unCy_2tFJx51tlTbA,WeedGang Record's
UC3GX5S7NSPoq33w3rgoC93w,ROCKWELL OFFROAD
UCMxse1qbufaL0Z5TnNb0rsw,ReSet
UCH0-0_0XNqkg8dTLYtFaWRg,Godenot
UCk8tx_nB2o4qbcBzm7l8b4g,TeeP2K
UCQ0klx9pfc0yABVxQ9f3eGQ,MAU GAMER 1
UC3n6TYf313VJkq_TK9GxUmw,Gellones
UCyCm59DXgQzgIddBPI00Bgg,CATMANTOO
UCJ5k4K6oz1Cg2JXFz4UucAw,SkillTroll
UC5mZsx_OVnc4XmG9rWU2p3A,T3ddy
UCTXmm3D1PzJ7agpoJHwHXxw,TamplierPainter
UCvLStjVcf1-Be6K7jEaJEWg,COSAS DE LOLI
UCZE7Ci_IhhWbcnIgwi2gYNQ,Mi Alves
UCpm6vCgiehSKHtMFFS5ukiA,Katy LifeVlog
UCwML8GCqkP1UbKVEqzbPpbQ,TheLanceHack
UCWjfHw3vDsv7abofg1PEW7w,Squatgirl
uczonsuo8twfxlp8a828lgta,Not Found
UC_mE5aCH0hJ4pSqxO5Ji1oQ,Bibi Campos
UCMeIr7G168Ia1DY4Yon8wtQ,Secret Code
UCm4WlDrdOOSbht-NKQ0uTeg,RabidRetrospectGames
UCJ1R_wdTOAwaVWKQzRLy4Sg,Murilo Favaretto
UCLX9sxxUO1JonoOntLWvoZQ,Seadoco 
UCzOufe-loQ9Nu9kzdcqSPpw,Mudinhogameplay
UC-aJ5-YxVUH77ro5MGJt7Dg,Deriam Studios
UCKyy4OtdMy3taTvqGYD8tsw,—Ä–µ–º–µ–Ω—Ç–æ—Å
UCstv2-wzif87Kn1hwv_vp9w,Crazy Gamer
UCKF1jFt8PUs240B7ccRXDfw,CRYSTAL
UCgzC7SsCYSfGrVWoHQS5W8A,Cowsep
UCLTxoOYUpGKDSexgjTG1D1A,Evil Ted Smith
UCS_ZvrrdEhaURjEku83Xy4g,Guitar Lessons Bobby
UCkuqaEajRpq1LBJafrabO0Q,iGameplay1337
UCVPu9IUiK0Xgfq_cEGL3mxQ,The Big 10
UC1PH19qJAU3keIWu0HX9oJQ,GoodClipsDaily
UCJAbkIY17zAmCTNQHH0bQoQ,Gameplayrj
UCHSJfNux20eeifFI37yR6BA,Talli Malvezzi
UCsFXrKjPMuu0h6sAnngjcYw,Sgt Enigma
UC8eFjAmIUnLKLnfJZFPz6QQ,ŸÖÿ≠ŸÖÿØ ÿ∫ŸÜÿßŸäŸÖ
UC8ootkKAbJC9bABoRcQf0Kw,TuTecnoMundo
UCBZ_Culq6MVCBA_d2tXS6Qg,TOTY23DIEZ
UCFJa6WNbw07wZmMk95pInJQ,Imperial
UC9Rn5WA45GUxBuyRWwA-2ZA,–Æ–¢–£–ë –¢–†–ï–ù–î–´
UCI31pTA8D-V5AxdkxFsy2aA,FRANCK ROPERS
UC4PgmukrzziViZ6hWvS_TgA,Not Found
UC--j-yuiKFQhNAUYLt3v4fA,Blake Linder
UCFznUQrBf4Hr_h6__EQSqUQ,Jaki Natsumi‚Ñ¢
UCw6Ou-fRcPa23GvYq-VHEbA,BULL1TRC
UCpnjlvS2zxhbNJuGNo_TxkQ,The Mighty Jingles
UC2heyj6GvAxH4_J4ghvkQpw,VGStaTioNs
UCURbP0dIb5weV7nva1DjqBg,JuggerWicho
UCA22LaRKzToU63AZUNI9cIQ,MoMGamePlay
UC8-4DBG_s3OvpuNFdEYxnFA,Izabela Stress
UCRf5jjuEXjNhMzV-yrZ4Kmw,Not Found
UC0XjyPc8SvkMG9uhygIh6Tg,BIYIKLI KAFA
UCpcCa8-FHhfifBrEnCM-N0A,ArtyJoyful
UCCgrWW6fsUVdRD7xI52xhnQ,Marni Your Personal Wing Girl
UCejhvDrgd6rApj9pBWqNuyg,Jessica Melo
UChpzqJD9LqvWxm_LdC6LXYQ,Not Found
UCzFHr2_upWAC2qjJHiyELXA,Dan Lags
UCVuhfL4ZCPw4j21xYrC4dFQ,Teodor Helge
UCs82BK7QaOoMVXNQWwQ1ztg,Rucka Rucka Ali
UCmdnyW-DeSFLGwDrGzqCqOQ,Welcome Jules
UC5eSYzBfquvWTfsX-wwNAWQ,Victor Goes
UCP0GI-IbEZV59oExPioxeHw,Irm√£os Piologo
UCM8Y_V0jqqYS6dLwMoRO9FQ,Chaotic Good
UCxJ_Liuzh6kPdok1bIk4zEA,Evike.com Airsoft
UCbHYQVRKyYwrsRebjQE_igg,Mathira Menezes
UCwWEsSuYKPmqGwIlQSww-gg,Boys And Girls Hairstyles
UCPRauONTinl-pCdFqKAkpBA,Rosal√≠a Sanz POSITIVA ENERG√çA
UCUBYHxfhpoDKcel_aAm51wg,David DiMuzio
UCgqri012bmK5HNkQKSUK2JA,Mi G√°rcia
UCI8sv83spd8raFGRan5k2XA,Futebol e Mais
UCH_Pk4ry4mYpKpuEjDIaROw,Yayixd
UC18ju52OET36bdewLRHzPdQ,brutalmoose
UCiiQtn-wuAOeUp3Q_2A5z9Q,Rinozawa
UCSRmIdDu1XFDr2iViBvcEDA,Controle Dois
UCFZEKaGu08UpQZk4ODqK-KA,FEULAS
UCDgOocJdDC9hDU3ODsv-TOw,Maximilian Ioan
UCC6ayGbvqQ6R63aoz95ovuA,Patife
UC54gPkG3GEwFNDxxueq5__A,Toddler Boggler
UCKxOb-Q_Cq9bKXqJRDBxGcg,AHAT
ucyspeb0jye1j8q3_gqwuwba,Not Found
UCYtZxh0GXT-bsluG1cJl9AQ,Not Found
UCBSfYxpdKuvRzv9Ni69BSiA,The Design Twins
UC9VayT7q3pQ7tdF-TG4Q0yQ,CG Cookie
UCDqWMB2W_v0XtaBucKjSOTg,David Blogs Games
UCF90YlMsrIkcOHzzvz7uplQ,Mitch
UCzTdZz7z2sPRGCImodwOw0g,JT Music
UCQR-nOl6tbU-4zovtBr2kQA,Guri
UCqCAz1AmoH9aCgerZpSTueg,CanalEvento
UCc9YlRAceIJgKy92P3aBsmQ,The Youman Show
UCVee2G_4h0u78BJUUVVmSFA,MonsterX
UCWAbMASyyaNzpe3zkIg2syQ,AnimaTunes
UCLYcZGNLUYz_dA8TtGMUb7g,Market Noise FX
UC6GYePhOwQgBnFTBNIDKosw,Maxie6565
UC9oYVNSsAVS0q4HblxNajKg,Kai Mazaku
UC1KIUp4PNCyIwCPTq1hYzWQ,Teal Swan
UCazQBn5vdNtVOiHc6oVEUUw,Lega Play
UCD4AerLQNkDnGPF_ZUf8k4w,iKNITS
UCHC27fiGPYMyxTk1oAbpMhA,loutiful
UCvKP7V9o8xfB-hpk3noKAiw,Acervo do Terror - Lendas Urbanas
UCK_Jl1TAsI2dvH_ewDJnDuA,RuffHouse Studios
UCayaN-y6-FJ5tuTcIq6iEyA,HARD GZ
UCUVl1m5YWt3DbPj-wSq56Qw,Nunu
UCX2m3Abl7JpNGk9lM0FWKdw,Rubenillo17
UCt24mdg9XVLovGKiynxdcrA,stux777
UC1Mwvt2t4UONKFgVfn_T-nA,MayorceteGaming
UCI9s9nFu2m3K2CvhO2QVfTg,Candace Cabrera 
UC7-EJtnI9Zdr6wBM4vdhnfQ,TopMax
UCSJsjCiTl2lourZXnigVCoA,Th∆° Nguy·ªÖn
UCQc8Dh00nAqi8OU_u2Tp_8Q,Siobh√°n McDonnell (LetzMakeup)
UCvD0DBYf-gY2dWarc4NEL9Q,MC Songs by MC Jams
UCnnAzRbUm_6mSqyqAJSkc_A,Be!Tech
UC1Iq6jAxYa86ltYtqxVzXgg,Godzilla
UC-4iZ6Hq-oSERqZnVbuYsUg,Felps
UC8iAV2sa8UQNXU__jVQpFzQ,getter
UCYK4l11zx3-dN1gNg1DMOIg,Pokey
UC4Mc_b1qLmFQmykFVifIzaw,Nicole Prazeres
UCMfZ_z0LUm805JOZLktl2QQ,HooplaKidz TV - Funny Cartoons For Kids
UCYwHhTxTAz6aLwMcyPitJjg,Canal da Lel√™
UCzsZYDBZnBERj8mMkxKBfDQ,Cherry TV
UCz_BJGTYrM4ntr7vsrsjfLw,FilmRise
UCXZioM6A3pMHBTwOLxEs22A,Alexa C
UCIk5Nex1EDwgYS6qHLGOO2Q,Not Found
UC7VGRS1q1XzHsAm1uM1PQ_Q,Not Found
ucnbwp-bkulkre_5qdwvfilq,Not Found
UCf0CRezZYOUcvqrdMmozowQ,Maya Henry
UCsQdnXaoAQ4EAphiEkSp9ug,BETODETH
UC_Fk7hHbl7vv_7K8tYqJd5A,SpaceToday
UCYDVigTy-NE2KyCqVCiJb_Q,Day Day Cook
UCe9DJXvHIkV0j3XgR2Iu4Hw,Boys Love2
UCc9LGtXkDLNP7Yqut2Ufsdg,Chicken Castle
UCgrlGqu-x1I_yQg5qvhLqGw,Goku Teorias
UCe7bVfxhyXGMl8aJ0U3Hdbg,musclegaragespb
UCs6e3sn54cbzPL2zpZUHIQg,MeLikeBigBoom
UCyNApaP66QReXKaWRZzuXzw,Mario Wienerroither
UCRnh6-EGR6pPLRe61VLNYvg,Cannabis Capitol Network
UCLtWkvkdsvUMsXuFIbh508w,ITCA Instituto Tecnol√≥gico de Capacitaci√≥n Automotriz
UCY5nGkuALqkKKOVhivryH3A,Gesiel Taveira
UCKrFXqpQj3gM98LF22Yq8Kg,NintendoCapriSun
UCuRL6G6wkBypOAQl6pnzeAw,Mewkel_
UCjBO43ykxlSs3j7F7EXcBUQ,TazerCraft
UCvgt4ph5fROR3Fo0_pBc43Q,Deni
UC0pTYXmMvlVEYk6GeHOW6xw,Mago
UC3OZCZKBy5gmmLf0BXR1w0A,PeachMilky
UC6HHrxInpfWdXlsv2Rkb2qw,HeroVoltsy
UCgllfBE7p7ozVG-c6hNbb6A,Eddy Logan
UCAo4b0ziAA6S0sex_dzgMYw,Project your mind
UCAj6u8XbFw0u8hs7WYm6JIQ,Rom√£o Chefe
UCY8iijN1AkyDCh1Z9akcqUA,Funky Black Cat
UCzh9Dr5_ksm109R5HeU_-0g,–†–∞–≤—ã—á
UCLv7O2H5fkDW_1fwADs7qXg,Sanee
ucs06q9pyrn8d8xy0ngzkpra,Not Found
UCJAVlbAw-bzZLLFnXEN2YIQ,Zagam
UCZ5tjhLSLd6L4Te0wnTG2FA,Belmirs | ÿ®ŸÑŸÖŸäÿ±
UCjRzsiP_aDWWLHV4-2LKBtg,recordingrevolution
UC5GfkRipCgMWa9asGx8S68Q,HahaTV
UCG3o_SgXSdZoJDKq1GyQoAQ,Fuzzy Puppet
UCvOeHmvqlzzsk9DBaIsORyw,Ooops - Funny Home Videos
UCQJT7rpynlR7SSdn3OyuI_Q,Loleventvods - LoL Esports: VODs & Montages
UCpVcF-YivzdCIfhxbQ1xNJQ,CE√âFI
UCrRLaQ1hup5VmVINQkgKE7Q,SurpriseJoe - Nursery Rhymes & Kids Songs
UCK-EvNl2jMJtbl3XXc94hrA,EKDesignz
UCLilAAjUiG-lsVddpBQad3w,Not Found
UCUN57Wq9jlcIuJyrS6zfRGw,Street Food & Travel TV India
UCsFMrrF8gkrmjKjW1JXSV0g,RC inventorTV
UChMRJnS5DtOUyOImKgmd5rA,Ward
UC4OLYMoWyPkFGVZDDQ4EhFg,Will It Slime?
UCPl_3zCQnCB4Iv79UD_i-5A,BETO GAMER
UCgEcu7D0oBgbcGxJVVjn9Ew,–ê–ª–µ–∫—Å–∞–Ω–¥—Ä –ì—É—Å–∞—Ä
UC-KlJXf5ghyWubhwDrLKoRw,ESTRANHO // estranho john
UCZDVr0SsuSUYiq9hAOfoIfw,jvnq
UC7Y_yza0WzGa1YXm46DWNPQ,Silverowe My≈õli
UCEq19675KJXfZ5kdOubyPYw,Damianizando
UCdu8QrpJd6rdHU9fHl8J01A,Hope For Paws - Official Rescue Channel
UCc81WI54KgJoei06f_3mWgQ,billyonthestreettv
UC7trU46U_9XPDtMnDbiDPUQ,FaZe Jev
UCgLyWR37Z8aQVIR3NDfxMGg,KPopp
ucfirtpc6ljdqzpmebfgagrq,Not Found
UCACu12tYMVnfzE3v2UwMObw,HYPE
UCZlnshKh_exh1WBP9P-yPdQ,HeirofCarthage
UCebJ11MPiMDFf9EcoLqkLqg,Tiago Spartan Beast
UCeeWigmYlfIs9O4IneNHSAQ,exo
UCnLgSz7xpHL0mCqTef-nhJA,Not Found
UC6bs2Fe3ZHJqNnCr_JqebXw,Sedulur Punakawan
UCmoA2sg76rpt6pD4KKpWJTw,Maycon Lorenz
uczepc-apxg7viq0x2l19vya,Not Found
UCV50BP4xUIQ-Zj61xRl0BIA,Dragon Ball Nation
UCdYFZR80bXOKEGjW5NZfvpw,MrGreatStephan
UCSLPmori4S3kZpKr3qzRQBw,Amay
UCrd_Yo6s4sBNHC_64MczQOA,Nossa Hist√≥ria de Hoje
UCjgBvX3TEXwacnyJyWh9z5g,VDC
UCl9iCmjH4iDqAw_WkEY8eAQ,Game Over
UCVeIDAXRgg_KPd2pV2deX-w,Skreeper
UCdMdGdabsaWIzSbmE1phGBQ,Kathy Castricini
UCK0GYOSPR_i_3yHsIfF8fGA,Votra TV
UCuGLbo40acq9XdhomsrzG9Q,‡∏î‡∏µ‡πÄ‡∏à ‡πÇ‡∏à‡∏° Official
UCYLqa7tZqSEhXg4pgOGya6Q,Super Venny Z
UCfzPHd4iRcgzevtxtKwCbaw,johnyy gamer
UC9MjkLnvywEQuU5xc6bhjMQ,ZebazPvD
UCPxk93OrpZV4MA7Hm_f12bw,JacoShow
UCQUoZPIgJYIif6bX7rbWlGg,PkCanadianGuy
UCN3yjzEL7FYYsCHu-mq9ylw,HairByLin
UCzHLlWAjTcwFp0_JGz8_MEQ,HelldogManquess!
UCpbzH4Vyer8K3z5omjXGMlQ,Snubby J
UCk2vIsz3t9jJz_OffMB4y8Q,RanguGamer
UCOn3-KyzGRI930sZ6ikAw-g,Abner e Ste
UCvt04k2SNeu2mJ6oQx_qUpQ,Mois√©s Filipe
UCigfH5y5oPWtC1pv0U8fsfQ,Jean Vlogs
UCTUeeW9zXgvDOcNltfCCXNQ,ChaBoyyHD
UCxRQMHttaUUTWzP4JOoY_qg,DidiGPX
UCOiGfdgmQr6WyxIKpSnoU-w,Not Found
uchepextqwf-lexzaikfhtmw,Not Found
UCYoz6A0IFXXkQbyWR_X3WGw,KeanaTankentai
UCv80wgA_QUvFijiTLJlJqeg,Sweet Home
UCDSftRPN3KSGui1SOo19aIQ,BruninhoSO7
UClAJhTjvj1w-trMW7kmIjmg,–ú–∏—à–∫–∞ –∏ –Æ–ª—è
UCuwQyaVxILdpsVgUJg1NYww,Hub Cinema
UCCCG1Joo4qOsY4_q-py0Ikw,TomyCatt
UCn47Kqi_gDTbH32Wqe7Xwjw,Nigel
UC8aG3LDTDwNR1UQhSn9uVrw,SethBling
UCCAK_KmxzTbeQbrrogz-K3A,GKrit
UCF2SAuP6KkbtgYKOGWW_YMQ,NeiterAll
UCLAH5G1DAXAAlWFKrVdxH3Q,Luna
UCkAs5lNOAnx3i7D_9RRzywA,TheMrjoojo
UChdmxCQTm6TslseRVWUO0FQ,MARC Joga
UCD6oLQD2YJk1H7NxlkpoXaQ,Sirius
UCAiQFrCosAQVcE8yPWr1Bnw,Not Found
UCs06q9pyRn8d8xy0NgzKPrA,DJ Akademiks
UCk66Mq1vGEAEh5d43KEFV-Q,Brysen2
UCEhV7Kms52H2HrdwthU2QmA,DjMaRiiOHD
UCP89O1-MBPu82OEnroqfwug,Club de Reposteria
UCp1j3FbrPL1IF-p7UsG3qfQ,TARTIN
UC5HOgBlKp-7hM6kDNDd3C3A,Wolverous
UCMNdXl4E9eSJ9h_dYcRcMKA,Viros
UConUq95EU1ROniCMTXyuhug,GTAproductionsFilms1
UC2ymDddpQ6RMQXkhV7thnew,Not Found
UCIV1SreDiz7E0a2vush1biA,Jake & Chloe Angeles
UCQiwdqoPFHE6IWORhZQ3RrQ,Not Found
UCv2fZlXu3tVyyVvzFahUNrg,Bixa Melhore
UCGTxCNqN5xQx8UnJ4y8cT0w,Mr. Tops
UC1YCyq9fCTlEwX_qW_-i_hg,CarlosR ocelote
UCD8Fpyj-b47mVGKfKlNGbUA,EpeeForte
UCagr0g_2EIqyAjRP1zAHu9g,Peladophobian
UCtkg-VfMVK-davQb9cnG1Lw,rethinking Green
UCSir1dZRh2enFyjKPYkrKfw,Addexio
UCGzqZb3ndi_O7IwtJGq85TA,Portal Do Skate
UC55Jb99LT3IINRY_g5V6rtA,Andru Edwards
UCJWFxtDhZK-xBigTfMf0jcQ,Not Found
UCWK-4MQPIP8ODMpwCgeHuRg,Not Found
UCwykB5130Xf1ck1T4zgG-nA,SLost
UCEYy1KBuTts141VQvscsdKw,Minibus - Nursery Rhymes & Kids Songs
UCSCBIF1VxeqR-k3XgGH41uA,Dabacabb
UC_ihIRsO52930ywK-5bFYUg,Not Found
UCOapgF-tOoceURdOZBHR0xw,Closed
UCZIYR7stonPn6ulKwq9YtiA,MissPinguina
UCnGu22PIBVLirSknXpLxr4A,WorldOfPES
UCMPUE1lfT4-4qLgaJkaWmBQ,–≠—Ç–æ –†–µ–∞–ª—å–Ω–æ –ò–Ω—Ç–µ—Ä–µ—Å–Ω–æ
UCrDCymaVGD_N-vskeGj0okw,Not Found
UCWv6ueBFfCwqpUgyus8H_zA,Daniel Kross
ucsl1ysf0pcwconxudlf6gsg,Not Found
UCyorrikMwTUVuiELwpK5gNQ,LOS TUTOS
UCn68TL1GAqH2r9I0SDoYJvg,Quem Nunca?
UCS-NyMXARqfXeI-SQpMMT1Q,Mateus Monteiro
UCoaWkNlP1bjnfBVe1P1t7FA,Gutierrez Castro
UClJfO-xaSnhyHAr8qcYqBzw,Assistindo
UCFMjkrMT7Gvg84v0av-DIwA,KSHMR
UCUXGFgupozBh278Nrue-cAw,Matsura Vlog
UCBN3orTTxhTm5glRHpeF_jw,–ë–ê–î–Æ–ö
UCEDzghm_kSD1eLG-QG0u6Yw,ŸÖÿπŸÑŸàŸÖÿ© ŸÉÿ±ŸàŸäÿ©
UClkJx2v_71xq2bPTUaloNEg,REDDER
UC-fGlC2YwFy9Yds66gkD_mw,lsu1972v
UCIux1Vc3-jNullPkfRwb80A,Rezen Day
UChaDGuAPAwB2toykPUAy_mw,So Very Famous
UCm_D7ufKNoVw24-MEe6dLDg,hugothester
UCYxqwIge0nXjBwrpTs_A--A,Not Found
UCRl31PWkfF0a3j3hiDRaCGA,Rhykker
UCRzrrqyLGLBHk05tdXEzUzw,Kids Songs - Green Family
UCPOm2V7Ccdlkm2J1TqNptEw,Garrett Shiner
UCOjEHmBKwdS7joWpW0VrXkg,21 Savage
UCTVlEYIot8eHlhSlziENlog,elgranqenk2
UCoEcnl8ta7_8kQDGLLHKWPw,Guaxinim
UCBss5McqBPfUKk5OZES0WFA,Qewbite
UCLM1eE8w_DZ89n4yIxVbffA,KackisHD
UC3YW707UJJ3_kADzyD4_4kA,DrKendoCommentaries
UCfgZQq_S_PP1CFZgyK40viQ,Tyken132
UC_1FUFB6TlGeGOyDI4ikkzg,Best Games For Kids TV
UCTqyxaB74Cfedi9Ks7jrRKA,Kusan_Football
UCthhPMNgy3FbZrZsMB1pK7A,Asma Fares
UC-ECdB_BOQLaEbU6cV4rDdg,Raposa Verde
UC-5PKDn7ihFaX9ZvYMipfsg,Tech Android
UCOUFSlpGiL9I3jPbt0vcI0A,Jon Peters - Longview Woodworking
UCoDfZzwJNFJ2lVgF41tUX0A,Golden Hoops
UCjT9Hwh4twdfvFZCV1tIsCw,Team Spooky
UCfjx50qQRyNXJoLqQSaSu2A,FIFAGamers
UCG9ox2cpkyzveP85HoJndXg,Aparri
UCyZPowdAaY-rOf0_S7RBlrA,VictorKratos
UCTUWkjuoYgwsjuSqsFrYA6w,Thefun Factory
UCPFIgZKvHJqN3CnrUJlNaYQ,Cabine Liter√°ria
UCHRrYJTFznkd5aeq1OO6S4w,Lexity
UCI1priYQZzsch3TsTHO6OTg,Sheryl and Fam
UCyWrZ3uHnN4izMD_xlwNJVQ,Not Found
UCDwHFuZJV_2qukjmkJGWIfw,Melanie Murphy
UC2glGt4lW9hd7bZ0AzJw7vQ,STANDUPINDO
UCYEUkovzSwyl5kOVm68WiUg,ImPiffHD
UC0F85eSnyCWovDWnvyuSCZg,BySliDe
UC_IWTPn0E0ibbvEztfPE0Pg,Not Found
UCgKshtw1k7w0Yw8lh41jMMQ,Heizman
UCxdAaYkXAf7xlYAAhf9nsZA,Acidez Feminina - Taty Ferreira
UCqpyFHhE13LsrG5qDknJcFQ,AfroSenju XL
UCldv2DayMZaIqctDS9S0MIA,Cess Leon
UCk-FDoGNRa9XfXqF4ujMv7A,Alyaa Gad ÿπŸÑŸäÿßÿ° ÿ¨ÿßÿØ
UCTIqWC-v6rORlUZKdRzNRBg,COMICS PLUS! by Akasan
UCD9J1GJowhJBq_yrJ7mdUHQ,odyleung
UC9x8GRy8aH9Q9AETkxlW7Gg,DotaFX
UCDZsyOkn-WTiTwgAvZSQ_cg,El Rinc√≥n De Giorgio
UCY4AijV6mi8mCYVukJh3yQA,CrasConversaOficial
UCxmFbvPapeb4lZA-Lzp06Sw,Not Found
UC_oxoCEiqL9bDwzw1eSD8tg,LeePungg
UCIj6BnCh0_0zVEOQnHo3dMw,JNasty
UCjtnZQG4v67lj7-ILGAy9Eg,Anouar Farhat
UCi7-wJE5pUUPvMTqIlGBUow,Max Kim
UCOuA-eZz_Q_uCHNg21yBRjw,MaxiLunaPMY
UCZnwf6GrmZTT8ILYIX-yQcw,William Sledd
UCuI48V3qSHZvZimYgFNJYJg,NAV
UCxn3rxY2cZrhbW5wCfhBgSQ,crazyPT
UCnsZ4GPxvLUmadQuxwXxaHw,Bruno Vlogs
UCPQrFghhMiu2QO0wqX503Kg,Mundo Dragon Ball
UCDokBd2D9tDZ2TQDKjxtQtw,ItsCodComedy
UCE-GLhKd7iMzDeR1_Wyt6Nw,StormShadowCrew
UCnruuMNrBV8Bc7g0B_S3wKQ,Coisas De Android
UC45a_j76kNDwJvbc2ufOkJg,Pixelated Apollo
UCMxT4Gmri1ODa6dk3-uf4-w,Sheyaab | ÿ¥Ÿäÿßÿ®
UCEuIUWRpGQNNiUrODl5H0zQ,ŸÖÿ®ÿßÿØÿ±ÿ© ÿπŸÜŸàÿßŸÜ
UCvhsiQGy_zcNCiSbeXEjhLg,RSA
UCg4HRmoYYhpdzJXY5cSbBeg,Eric Kauffmann
UCz7Y07w_EcWdAx9QtCn1Etg,Jean Nunes Pipas
UC8_VgUtS0yGRTH0-bOYqvOQ,The Kids Song
UC7UUrKshr-x0a5rqa4qxzrQ,SINXPLAYSBR
UCFNZ1cFq0TI6oL1UjFOv2Xw,UnrealEntGaming
UCK1HgDhsRulLj-pWi8XrqIA,Razzbowski
UCnq86-ux5-xm_qduyKOXkWQ,Canada Diario
UC0YmQFT3nr-8qw7ALB023uQ,Minikotic ‚òÖ Play
UCSRO0JNUYTCjsk7VmMdNYKw,Gearbox
UCXBf_K7DWy4Q4JqnRHUtJzQ,EmCore
UCr7Xlwl8QOjzMjqdNPPDMOA,seymour200
UCuP0U6i8PgomvXtkk6t_GAA,Videomaster097
UCCqeNqrFzNB2axEpi2xD0DQ,Juize
UCrkq7TsT-7-gKVtvjma5GcQ,Luciano Rosso
UCK045mDx8Pf9DpPG-kX8YUg,RadicalSoda
UCZHfmiIPaWQSsKsEUg-_xpA,LandonProduction
UCM7GnEK6QlzUxOMqZBwNnSw,Skill:Draw
UCz7pDh0hn6mj0amCgUNDerg,ToonFirst
UCxHA2Gg6b5zeACUGyE0Q89A,L'Acrobate
UCF_k3-4jHtT6aJkzQ9gnIeQ,Bruugar
UCJWm6a4ycTrgMl8t7-CoXTQ,STIMOMEDIA
UC9WE5MrJCDIFpb2CFLWGjJg,Duda Pipita
UCqtkaOuoMnmLQZaz-QeSwKw,Sauron CoC
uchfa6nt11ke_8owiya0sqdq,Not Found
UC8tInndwxutMOg7ylb67ePA,Musicalidade
UC0pL9pdEPifEyWno_fkkKyw,Kenh STD
UCj965ob35Y9HVKDHsOlNNww,ZD hacker
UCp-P_02v6k7pEMDozY18rTA,Massive
UCo_0OLNDT9mhlALA-N_c8nw,Funker Tactical - Fight Training Videos
UC7fMcs5gAGgu_ZcT2VBBX2Q,Lorran Saito
UCrLamXyxmMYuhJGKMzmzjAg,nbaworthy
UCDUydlERBRBngdkQHP2ELbg,YezzidTazz
UCa3eZjczmh0CIMQNTEgVQgw,The Akademy 
UCXoRJ2cjoocRW4XRcx_xMwQ,BRKsDATO
UC9BWQGUU6DsdTkqEs6KfEnQ,Luisa Accorsi
UCLS4wuBNQTIr4RAAG_stxOQ,VodK
UCG5QWe_bq6hXh10E2nRffIQ,sokolum
UCAlLp-fWSOLeMA-tcA-MgKA,RUX
UCHcs9M-jfL49HES-H-rTTgA,Ashley Settingiano
ucbinycmwe29fbxcpui8dgta,Not Found
UCriRvZSnEFPSMqSya2s2U6g,Banheiristas
UC4n7-9bos5GfrhWYLbmcqng,Jaccoled
UCzIm8ble2F_4Vmvsxyn-EYA,Hexa
UCuUar8XJ4tYnyqipKLiwSgw,Press Key to Play
UCY_iLxsSIYq9uufNOttHVlw,El Lenguetero
UC9AGtdHF1KIrx_ql9INA8cg,alhabib ali al jifri ÿßŸÑÿ≠ÿ®Ÿäÿ® ÿπŸÑŸä ÿßŸÑÿ¨ŸÅÿ±Ÿä
UCkQ2uHKqsval-ekG3-yjqWQ,Boostaholics
UCivt36OrJkWUAhFYicIJ3IQ,Beril Serg√ºn
UCg-LOj9pbxUCO-UQF_lC7TA,MDpollo
UClIrb6hMZqxIWMnyEVzRntw,The Anarhot World
UCejjkETjJXop6MP8eMjYL3g,Super Carry
UCe3uHqbEj7wxuLa_tyjgPbQ,ùêíùêàùêÄùêå
UCf6uwW0BOvT3YXKJd7WD6Gw,The Killer Slash
UCikkZm3qre-rgepcyHYcEwA,Coc√≥ptero Datos
UCTSkgbRJktpBSuc_Z8xPNsg,InsanePumus
UCy5E4aFQdeX9cvRC4sttsSw,–Ø—Ä–æ—Å–ª–∞–≤ –ë—Ä–∏–Ω
UCT9D87j5W7PtE7NHOR5DUOQ,Not Found
UCyW8ZqouFxjlJEFPfE8f3dw,IvanForeverLife
UC_gV70G_Y51LTa3qhu8KiEA,LUCCAS NETO
UCenRUZByGdj-BzFqRgqydsA,Meu nome √© Johnny
UCdFpYAdjM0x7m6AK36GOxmQ,Chew On This
UCn60JhgE6OijFx-UTVOGSQg,Cronos
UCzBZO8Y0vCts7B0KYSZrbEw,VcseLembra
UCIhS5KxvPswfej8k6sChHDw,Ellen Simili
UCakgsb0w7QB0VHdnCc-OVEA,Space Videos
UCfBeOMZwal-BuG44Ftwo5dA,Kotgame1
UCpF1zGJnci56b225IQB9-0A,Juli√°n Gray
UCQMIaUy0pmsyJUZwUYCHgXw,Hoby - OW
UCuNVQeVXwfwxVUKdrCQgk3A,Andrew Foy Ïï§Îîî
UCI8DWdslMymkkMV98dZHKBQ,Pellumb Hajdari
UCjEcvrNcjpD6K1smphNo4MQ,AmharicTube
UCBw14J0P2ncyj3oYX2dsYvQ,Dangerouscn
UCic9x43GKofE85k9mYYjbrg,Not Found
UC1BwAGyZbCmQR6mRdsC8snA,Bicudo Pereira 
UC9CBWykcwiJNR1LnRrd0rew,Hanan Redha | ÿ≠ŸÜÿßŸÜ ÿ±ÿ∂ÿß
UC81VzGTAY35lSmdtpOEKpwA,Alejandro Hernandez
UCuFjMHqiRevCIGTWUi6rKhA,CuriosYTube
UCYfICNe8kq9y704igFJ3wdw,Daniel Marcon
UCluNBLkWfWcPGFdIQ_iuGgg,pink.aldc
UC9sCDPx7xaUSxe3ZuVkEO_g,Swordz
UCKZbkLSMU2WLiDWgCJOr5Ew,ANTHONY BOB√â
UCFtc3XdXgLFwhlDajMGK69w,NightHawkInLight
UClCVQRhYpSCXglRfl4nPlSw,oana boutique crochet &knitting
UCAAyQrLDrcK0h1Ll3g8lURw,Milana FamilyShow[EN]
UChcR6OLjEa66IbZGrfW9aKg,saiko
UCJHbDweCY9Oym4jphlksR-A,Not Found
UCpg51gHHBvBYsMBhihx5goA,Juaum
UCzeB_0FNcPIyUSjL_TL5lEw,AzzyLand
UCE6yrKCbfZ-C-8Sbl1LoYhg,TUBAR√ÉO A LENDA
UClGxTk-Oup0p6i_uVMD4ibA,Lifia Niala
UCBT7hhkJH47doOGY70809Ew,Sofee
UCI6gB6eZS0c3ZrjcJq7xAtA,Jon B.
UC_DVkYrg5uDDEjLHx4bStig,Nikol CrazyFamily
UCyDyanuRfEeHZb7f9QK-tlQ,AlexHessalter
UChpP7adRCzPXmQ4z0aqvtag,Lalaland Games
UChf19X-xjHOQAsZx5GbEk3g,Countdown Central
UC_aVZ39zt-kIxt6sD6BuNlw,Big Jerryt
UCyiT-NfBshSY9kdMPPXMvBw,Catriel Brassesco
UCsuaQOOAfK9wf3DN5pga7cA,tocadocoelho
UCjFztUZFRTDd1HTHxTFIXfQ,ESO
UC56OfVWiQfWH9dlzYG04srA,Papo de maromba
UCVoraDictyd89xgZt-J2Frw,IndieAir
UCbFEPt7UfnlINMxTyVmRA6w,Les Pizza Guys
UCIceHSt-cWAH6x7ob7_-R2A,Not Found
UC3hBmVqQQ4atZJgzX0knwlw,Yari San
UCvPs3pT83N6EmNLlLrbwwMQ,Deltia's Gaming
UCp-kBuINlSp5ad69IMpcOqg,Mums Eye View
UCzP1gPJ-q--ay3m-nWOwhNg,Mr GoldenSports (GoldenSports)
UC8f7XdaTCmKT37K7g7-Vx6Q,„Å≤„ÅòÁ•û
UC6LHN4GnT2ui5wRBQanNKxQ,Semenix Gaming
UCWlKcJbRwbAo6L6u601c6tg,Cyborgs
UCOaMOXfe8EWH1GJyhqhXrAA,Denis
UCHSt85nixUw53-zE_umXOwQ,GabrielPrimeiro-Arquivo
UCcAvljdM2NMdMYq_pvT9pBw,DouchebagChocolat
UC7LRYRh6ZK12Ll65sv31C1A,Canal do Rod
uc54gpkg3gewfndxxueq5__a,Not Found
UCANBW6ACWi9huiCfbKk1pbQ,Papa Jake
ucdlphv0srvyuzct8uyq9r_g,Not Found
UCQ3zNtUFa8nSG1Tncsr-cWQ,JC Gigamisterios
UCTRoRynMuRatmQN4DcE1SWA,TopFreeTemplates
UCEgWVxbkMR7At0h077D8Y1A,Cola na Villar
UCgMDhMO8w8ipNvE4eTXbqPg,Dinata
UCkPRBxO9SbNE-2h0XXKz-jg,AtinPiano
UCxireDZly78N_cSy8cxrq6g,Cartoonizando
UCIZaI2aweBJuXsowrE5qUXw,ZeRO
UCIk6z4gxI5ADYK7HmNiJvNg,Sing2Piano | Piano Karaoke Instrumentals
UCikc0PfL5b9vxWpQpS70woA,„Çπ„Ç´„ÉÉ„Å®„Éè„É¨„Éê„É¨
UCH0GGxnLibDfWV3BeiWCI1w,TheRealSMA
UCP1yGvHPtfNQfFEooUg3JSQ,Ningu√©m Merece
UCkHHGABW1__z40o_pgXQKtg,JimPanse - Gaming
UCVUhIjFt6RaMYpjjEseoDaA,RickyEdit
UCOAhzPSqIkrG7ICmT9TWj9w,Not Found
UC7nJn_JpaaKoqiyRwXAFoZQ,AuguxtoGamer
UCDNPha_jzc0D0HtUTWMT-6w,Desimad - Funny Jokes and More!
UCFJ7VflBghMukjdJfbcaCqw,The Master Inven√ß√µes
UClnNsPD3Y8XLJYIS4-ZFKWg,Ahmad Fitness_ÿ£ÿ≠ŸÖÿØ ŸÅÿ™ŸÜÿ≥
UCsWFh0HgXuap7oI1h6ASTjA,Eimear McElheron
UCOispv9KqBtv3yJ_kNZbRqA,JOHANN y KEVO
UCIWu9hFaRgpCt-Tizlo5pUw,Ana Cosentino Patchwork e Quilting
UCA0McsiXWJZu11MsiDdXvlw,DoctorGTA
UCJZ21Jur6TtE0XSFOvCx9hg,ToProForuGames - Atom
UCCXNk2L9PLGEUoOotv2muQQ,Srky
UCRkzUmh6Bo11qyjPgJT_VIg,VIPER Best of
UCqZoRT8idKeVUsix0FSufTg,The Cypher Effect En Espa√±ol
UCDhyZh7Lb2IOc-d1lu9yq3w,Not Found
UCGl-muGnQctGYX8D0I9RKmA,PequenoSapeca
UC7MGKgfjbuX-dRi_nCBdGmQ,ZackGoes
