Label: 1, Channel ID: UCClTcAhwiiOcClnIXdjOAyQ, Name: Retigan Chanel
Label: 2, Channel ID: UC6ybKcjP-60evOyiaPfKsjg, Name: الحياة فى امريكا بالعربى
Label: 3, Channel ID: UCkV78IABdS4zD1eVgUpCmaw, Name: KhanFlicks
Label: 4, Channel ID: UCOifA7SRTpCCV7tmZan-q-g, Name: Acacia & Jairus
Label: 5, Channel ID: UCV1JuyDF9Re3HyXFGeqnC7Q, Name: JesseAndMike
Label: 6, Channel ID: UCtqO62ldaW1Rv6A5QPz8hCg, Name: Gimx
Label: 7, Channel ID: UC_2yFLOHCfdtF4DtNcMyK6g, Name: Lanternos
Label: 8, Channel ID: UCuTxq3-c4TpNPFcLExKx5gA, Name: Cover Contact
Label: 9, Channel ID: UCIhuqDO0RYNcwt8kRS3ZZFg, Name: ♥Woldack♥
Label: 10, Channel ID: UC_QCEccfIiVyasdCNcpPL2w, Name: AskTheFeels
Label: 11, Channel ID: UCfjejFsiTomrslC33rHFMhw, Name: Matt Gaszek
Label: 12, Channel ID: UC9fd2dzQpJJK9Y8UadMlkNQ, Name: Not Found
Label: 13, Channel ID: UC63pJy9LHPJo7M-jv3O6L9Q, Name: Not Found
Label: 14, Channel ID: UC83jsCdg3immL4f0utUBTew, Name: Rene Arias
Label: 15, Channel ID: UCDcQUSYeeMmkr4O2iasoHTA, Name: Not Found
Label: 16, Channel ID: UC9oOvCsrSGpX1Hl2cIJXYLw, Name: Kitty Bedlam
Label: 17, Channel ID: UCzuEt_1Ir9Yzup8KnjsN8MA, Name: Jennifer Veal
Label: 18, Channel ID: UCKhUUYrWq9CVh6nEaHpnjZw, Name: UrazeProduction
Label: 19, Channel ID: UCqBg1g4SVs4tYMtK4q0cqAQ, Name: Spill Audio
Label: 20, Channel ID: UCgL84hPeGQpvCb1oaUfnzmw, Name: ShotByAce HD
Label: 21, Channel ID: UCbAWsmKkZzW9zr0rcj20hxw, Name: TMNT fan forever
Label: 22, Channel ID: UCWPPgFfbYaAdXqqrl6YQqGw, Name: FUKKEN!! Fanfics y mas (FUKKEN)
Label: 23, Channel ID: UCrVsCGkgj5Yz6d5l7etndkg, Name: Lisa-Marie Schiffner
Label: 24, Channel ID: UCh-CbDBklcdaPbhQKXEhJ7A, Name: GEM Sisters
Label: 25, Channel ID: UClALcff4a5jBr5beHiga6iQ, Name: Superfriends
Label: 26, Channel ID: UCjdbqDJRNJeDUKcJGjpn3Aw, Name: The Hound + The Fox
Label: 27, Channel ID: UCzgRSCWQ8U5q_VdFD_IMhzg, Name: Jared Latchford
Label: 28, Channel ID: UC7smXAusOBl0wIzj_QzGGJg, Name: Sixty Sixteen
Label: 29, Channel ID: UCudlkGCrk8FZ7UJeSUryo5Q, Name: SLEEP WELL
Label: 30, Channel ID: UCBSiC-2At6qZyG16K3CaCpA, Name: cimorellifan899
Label: 31, Channel ID: UC0gNKhFMg-bKyNNZ_MB3D9Q, Name: Not Found
Label: 32, Channel ID: UCJ3J4t_tFbkLPFUX250Spug, Name: Julian Trono
Label: 33, Channel ID: UCsfpa4_43KCxCAIzR65ZBLw, Name: Gowri
Label: 34, Channel ID: UCphuohyCB7hRNHT38j25xew, Name: TheDreamySleeper
Label: 35, Channel ID: UCVGr8TtyDML8PZZ5wawbXuw, Name: polandbananas20
Label: 36, Channel ID: UCp1pO1RxFxKqBCDx8QTxMSQ, Name: Justin logen
Label: 37, Channel ID: UCiEuDzNkgs99bSldLZR0ZBw, Name: karrar almirangy
Label: 38, Channel ID: UCLCPoAvvcep5OMb0x3e5XmA, Name: Anthem Lights
Label: 39, Channel ID: UCOTI5VFpVgYI7YFxWhnpGbw, Name: lohanthony
Label: 40, Channel ID: UC65afEgL62PGFWXY7n6CUbA, Name: Trap City
Label: 41, Channel ID: UCruFqAic1MbmPyPzgnJQaRg, Name: MyVideo RushHour
Label: 42, Channel ID: UCdUGA2QOVCgxAKNcRTMZl0g, Name: TeamOfHeroes
Label: 43, Channel ID: UCg1nM59-lAKkpkhYvSbnlnA, Name: КМА production
Label: 44, Channel ID: UC2jNT3cn0CZCR1XMc8lWnCQ, Name: xBbyTee
Label: 45, Channel ID: UCHhdQABOqhXAsKaWQhLNPQw, Name: Nicholas Gurewitch
Label: 46, Channel ID: UCnw_AnWkTQ4HH2XxSoO906w, Name: Glória Maria
Label: 47, Channel ID: ucyl9lser7w0kmxbgcprms0a, Name: Not Found
Label: 48, Channel ID: UCybH2fz-H9SJJ0rUXnbqJYg, Name: Not Found
Label: 49, Channel ID: UCLSWNf28X3mVTxTT3_nLCcw, Name: Team Liquid CS2 | Counter Strike
Label: 50, Channel ID: UCBfxjOe06LPeHbPt1YwlQ7Q, Name: Doz Officiel
Label: 51, Channel ID: UCzBlNYNDUW5lUUqDzvVlIVA, Name: TheYafaShow
Label: 52, Channel ID: UCIecYSp3vqASyJ5eUp6_VkQ, Name: Not Found
Label: 53, Channel ID: UCBqO7OiWNWFYa8fHpIn2-jA, Name: dodgykebaab
Label: 54, Channel ID: UCQupQBZdcNuE84ReiTP6pIA, Name: Runtown
Label: 55, Channel ID: UCbe-aFWhg-XmXea5WzaujUg, Name: Paula kommt - Sex und gute Nacktgeschichten
Label: 56, Channel ID: UCbMyr4xzxb7dM04aFKkuCRA, Name: chieh
Label: 57, Channel ID: UCBdw4dLCLLHmTgAOnW4V0hQ, Name: The Rock
Label: 58, Channel ID: UCM8P1oAFg_k0hUwM2EnBm4w, Name: Monica Church
Label: 59, Channel ID: UCARjMsrUSemsTj3R8NJjeYw, Name: pazencia
Label: 60, Channel ID: UCx1J7SU1vy61j6ZPv8X_8UA, Name: Janna Jasiel
Label: 61, Channel ID: UCYZo7CbLJjjfEOqYwknzzow, Name: Protoje
Label: 62, Channel ID: UCXx_jumwY71TW_Hv33EoJaw, Name: XinX AMV's
Label: 63, Channel ID: UC5mWjfn4EdiTLvLJ5Vlz1zA, Name: Comedystreet
Label: 64, Channel ID: UC4Y6bt3nixoEi-KngirFEvA, Name: Element Animation 2
Label: 65, Channel ID: UCrj7kmMXperytKkFZolUYgQ, Name: Alice M. Huynh
Label: 66, Channel ID: UCxONi0v0Qh0T4TfowY9zOKQ, Name: Russell Peters - Topic
Label: 67, Channel ID: UCxjsKH74-sgETdd3ey8ZGCg, Name: GrandAlexTV
Label: 68, Channel ID: UCSC1TOJ4B_aw5o9T9EPo6hA, Name: beatdownboogie
Label: 69, Channel ID: UCmL4IQ5yHK9DiVW3_2Mf2MA, Name: Belated Media
Label: 70, Channel ID: UCuJXkxQGJm64G-lI_YH69ew, Name: tachiyong
Label: 71, Channel ID: UCJkMlOu7faDgqh4PfzbpLdg, Name: Nerdwriter1
Label: 72, Channel ID: UCaBwNxEX_BGPdV3luHfxg6A, Name: HOME HACKER
Label: 73, Channel ID: UCzRAxQoRlsyyHQyVvhXvEjw, Name: Not Found
Label: 74, Channel ID: UCitRkGHHZE9wFL1uRw5qwHQ, Name: Güneç
Label: 75, Channel ID: UCMVAJ7CM8I0LPpzabRoji_w, Name: AE Cinema Brunei
Label: 76, Channel ID: UCczKsS4gTjJzU5zayrNnwEA, Name: Trevor Bauer
Label: 77, Channel ID: UCyXvZQJEUqDfOIvpg0qpovQ, Name: Victorious Sponge
Label: 78, Channel ID: UCgc4xqIMDoiP4KOTFS21TJA, Name: Mega64
Label: 79, Channel ID: UCHMWj86c5-k4g0-7fHEHbiw, Name: MichaelVelasco2Deep
Label: 80, Channel ID: UCvVq8bEmY431dorJsjQn7Rw, Name: Hollywire
Label: 81, Channel ID: UChLH5qyu7x6zedam1-qbP4Q, Name: Kyanid a Štěstí
Label: 82, Channel ID: UCKr7PoTj9hCMuklbphYHPlA, Name: Zombie Horse
Label: 83, Channel ID: UC4wh7WsGdomkC-orh_vmYjw, Name: Jeff Jin
Label: 84, Channel ID: UCwNzLpk33dblyY2Gg-SyPxw, Name: Dead End Hip Hop
Label: 85, Channel ID: UCFYnP-hk6IRtaeXKofC0oKg, Name: Professor Milk
Label: 86, Channel ID: UCfs-87nfbgiwadAIsWuE5BA, Name: Movement of Life
Label: 87, Channel ID: UCcfJ4eCL0KvTPaclDkiuvPg, Name: ohmycarrotsitskevin
Label: 88, Channel ID: UCEkajWMhjYVH6d9XGzfYqwQ, Name: Emma and Ellie's Family
Label: 89, Channel ID: UC6y42BtFvt3_Yt6FeBiibkA, Name: Brenda Regina
Label: 90, Channel ID: UCcedX5I6-0c4LODlpvvT1qQ, Name: วงดนตรีสลัมบอมเบย์
Label: 91, Channel ID: UCZJr55u20w2NxDa6nw-NiPQ, Name: Stahr
Label: 92, Channel ID: UCNQfq5mL24jZB9OJsbVbvqA, Name: RobComRobCom
Label: 93, Channel ID: UCmgraatPo7ScrvCuQxNTG7g, Name: William Singe
Label: 94, Channel ID: UCy9rKWXZFNlVivx1ikOqERA, Name: The Feeling Inc
Label: 95, Channel ID: UCtbXefQwfCCb7U6EU-7rnow, Name: L0cDoG
Label: 96, Channel ID: UC-WYYZmW_XtzDSbPWZtzx8A, Name: Inna Apolonskaya
Label: 97, Channel ID: UCDfMzUylMWUY5I68oVcSFnQ, Name: Т.О "Side508 и Ко"
Label: 98, Channel ID: UCXlOFTbYgOX0kTwmNpNQnmw, Name: AlabasterSlim
Label: 99, Channel ID: UCgde3N3cOw7mgo0kLPk5S_w, Name: mdog650
Label: 100, Channel ID: UCV9OLReC5bMvuiCFGBdK7Mg, Name: KsFreakWhatElse
Label: 101, Channel ID: UC73qUtEKzLUMX8hEcKkkHDg, Name: Dark Pixel
Label: 102, Channel ID: UCaJJOvuaKitbCBAIKKfbw2g, Name: Clara
Label: 103, Channel ID: UCZH4EVUqljV-zkZEd0Ot7EQ, Name: Madilyn Bailey
Label: 104, Channel ID: UCeuCONdV07wtCfs7revXIvw, Name: Lowcarbcomedy
Label: 105, Channel ID: UCuMoHhV567zxcMvFtWHGbBw, Name: mikefalzone
Label: 106, Channel ID: UCQOQ3RxX_o-B-68wSKdcfMQ, Name: The Domestic Geek
Label: 107, Channel ID: UCKegn36586KKatOIQkrnfIw, Name: Not Found
Label: 108, Channel ID: UC2ZB4E20SgMTNBqoWVn_oPQ, Name: Not Found
Label: 109, Channel ID: UC358mQmsoZ-zPS74JWSgkrA, Name: MiXMagazine Thailand
Label: 110, Channel ID: UCzlH6RhzoZMGLFwWRlfFC6w, Name: TeleEntrance
Label: 111, Channel ID: UCaWug_fBsk78aa-YF1Oj8KA, Name: Naden
Label: 112, Channel ID: UCG0E3naN7D-bgldOJvGHbtg, Name: Julia Beautx
Label: 113, Channel ID: UCi8FFfKYNNNZz2XjkbWdcpw, Name: Las Mejores Bromas
Label: 114, Channel ID: UCg2Ba-ZPaID8OhE8JuBdYig, Name: FreddyFairhair
Label: 115, Channel ID: UCNHkM0sEEGZLmon6O2Y4ewQ, Name: TeamGronkhDE
Label: 116, Channel ID: UCN1r6MmbZZUwedpNaUkik2g, Name: Mahmud Ali Khan
